elevation_difference,duration,distance,speed,age,weight,length,average_workout_elevation_diff,average_workout_duration,average_workout_distance,average_workout_speed,training_intensity
12,25,3.2,7.7,52,88,178,10,22,2.8,7.2,2.0
35,40,5.0,7.5,45,82,175,28,38,4.8,7.3,3.5
18,30,4.0,8.0,29,74,181,15,28,3.8,7.8,3.0
60,55,7.5,8.2,38,79,183,45,50,6.8,8.0,5.0
95,70,10.0,8.6,41,77,180,80,65,9.0,8.4,6.0
25,35,5.5,9.4,26,68,176,20,32,5.0,9.0,5.5
140,80,12.5,9.4,33,72,179,110,75,11.0,9.1,7.0
210,95,16.0,10.1,31,69,177,180,90,15.0,9.8,8.0
320,120,22.0,11.0,28,65,174,250,110,20.0,10.8,9.0
45,50,8.0,9.6,57,76,172,40,45,7.2,9.1,5.0
8,20,2.2,6.6,61,92,170,5,18,2.0,6.5,1.0
28,32,4.5,8.4,23,71,185,22,30,4.2,8.1,4.0
75,60,9.0,9.0,35,73,182,60,55,8.0,8.8,6.5
160,85,14.0,9.9,37,70,178,140,80,13.0,9.5,7.5
12,45,4.8,6.4,48,95,186,10,40,4.5,6.3,2.5
55,42,7.0,10.0,27,66,173,45,40,6.5,9.7,6.0
260,110,19.0,10.4,30,67,180,220,105,18.0,10.2,8.5
380,135,26.0,11.6,25,63,171,320,125,24.0,11.3,9.5
22,28,3.8,8.1,43,81,177,18,26,3.5,7.9,3.5
105,65,11.0,10.2,32,75,184,90,60,10.0,9.8,7.0
15,22,3.0,8.2,21,64,179,12,20,2.8,8.0,3.0
70,48,8.5,10.6,24,62,168,55,45,7.8,10.1,6.5
180,90,15.5,10.3,39,78,182,160,85,14.5,10.0,8.0
5,18,2.0,6.7,55,90,174,4,16,1.8,6.4,0.5
420,150,30.0,12.0,29,61,176,350,140,28.0,11.7,10.0
4,18,2.0,6.7,57,91,173,5,17,1.9,6.5,0.5
6,20,2.3,6.9,52,87,178,6,19,2.1,6.7,0.8
8,22,2.6,7.1,48,84,176,8,21,2.4,6.9,1.0
10,24,2.9,7.3,46,82,180,9,22,2.7,7.1,1.2
12,25,3.2,7.7,44,80,177,10,24,3.0,7.3,1.5
14,28,3.5,7.5,41,79,182,12,26,3.3,7.4,1.8
16,30,3.8,7.6,39,78,181,14,28,3.6,7.5,2.0
18,32,4.0,7.5,37,76,179,16,30,3.8,7.4,2.2
20,34,4.3,7.6,35,75,183,18,31,4.0,7.5,2.5
22,35,4.5,7.7,33,74,180,19,33,4.2,7.6,2.7
24,36,4.8,8.0,31,73,178,20,34,4.5,7.8,3.0
26,38,5.0,7.9,29,72,176,22,36,4.8,7.8,3.2
28,40,5.2,7.8,28,71,184,24,38,5.0,7.7,3.4
30,42,5.5,7.9,27,70,181,25,40,5.2,7.8,3.5
32,44,5.8,7.9,26,69,177,27,41,5.5,7.8,3.7
34,45,6.0,8.0,25,68,175,28,42,5.7,7.9,4.0
36,46,6.2,8.1,24,67,173,30,43,5.9,8.0,4.2
38,48,6.5,8.1,23,66,186,32,45,6.2,8.0,4.4
40,50,6.8,8.2,22,65,182,34,47,6.5,8.1,4.5
42,52,7.0,8.1,21,64,179,35,49,6.7,8.0,4.7
44,54,7.3,8.1,20,63,176,36,50,7.0,8.0,5.0
46,55,7.5,8.2,24,66,174,38,52,7.2,8.1,5.1
48,56,7.8,8.4,27,68,178,40,53,7.5,8.2,5.2
50,58,8.0,8.3,30,70,181,42,55,7.7,8.2,5.3
52,60,8.3,8.3,32,72,184,44,57,8.0,8.2,5.5
54,62,8.5,8.2,34,74,180,45,58,8.2,8.1,5.6
56,64,8.8,8.3,36,76,183,47,60,8.5,8.2,5.7
58,65,9.0,8.3,38,77,185,49,61,8.7,8.2,5.8
60,66,9.3,8.5,40,78,182,50,62,9.0,8.3,6.0
62,68,9.5,8.4,42,79,178,52,64,9.2,8.3,6.1
64,70,9.8,8.4,44,80,176,54,66,9.5,8.3,6.2
66,72,10.0,8.3,46,81,174,55,67,9.7,8.2,6.3
68,74,10.5,8.5,43,78,180,58,70,10.0,8.4,6.5
70,76,11.0,8.7,40,76,182,60,72,10.5,8.5,6.7
72,78,11.5,8.8,37,74,179,62,74,11.0,8.6,6.9
74,80,12.0,9.0,35,73,177,64,76,11.5,8.8,7.0
76,82,12.5,9.1,33,72,175,66,78,12.0,8.9,7.2
78,84,13.0,9.3,31,71,183,68,80,12.5,9.0,7.4
80,86,13.5,9.4,29,70,181,70,82,13.0,9.1,7.6
82,88,14.0,9.5,28,69,178,72,84,13.5,9.2,7.8
84,90,14.5,9.7,27,68,176,74,86,14.0,9.4,8.0
85,92,15.0,9.8,26,67,174,75,88,14.5,9.5,8.1
83,94,15.5,9.9,25,66,172,74,90,15.0,9.6,8.2
81,96,16.0,10.0,24,65,170,72,92,15.5,9.7,8.3
79,98,16.5,10.1,23,64,168,70,94,16.0,9.8,8.4
77,100,17.0,10.2,22,63,181,68,96,16.5,9.9,8.5
75,102,17.5,10.3,21,62,179,66,98,17.0,10.0,8.6
73,104,18.0,10.4,30,66,182,64,100,17.5,10.1,8.7
71,106,18.5,10.5,32,68,184,62,102,18.0,10.2,8.8
69,108,19.0,10.6,34,70,186,60,104,18.5,10.3,8.9
67,110,19.5,10.6,36,72,183,58,106,19.0,10.3,9.0
65,112,20.0,10.7,38,74,180,56,108,19.5,10.4,9.1
63,114,20.5,10.8,40,76,178,54,110,20.0,10.5,9.2
61,116,21.0,10.9,42,78,176,52,112,20.5,10.6,9.3
59,118,21.5,10.9,44,80,174,50,114,21.0,10.6,9.4
57,120,22.0,11.0,41,77,182,48,116,21.5,10.7,9.5
55,122,22.5,11.1,39,75,184,46,118,22.0,10.8,9.6
53,124,23.0,11.1,37,73,181,44,120,22.5,10.8,9.7
51,126,23.5,11.2,35,72,179,42,122,23.0,10.9,9.8
49,128,24.0,11.3,33,71,177,40,124,23.5,11.0,9.9
47,130,24.5,11.3,31,70,175,38,126,24.0,11.0,10.0
3,16,1.8,6.8,60,93,172,4,16,1.7,6.6,0.3
7,21,2.4,6.9,54,88,177,6,20,2.2,6.8,0.9
11,27,3.1,6.9,50,85,175,10,25,2.9,6.8,1.4
15,29,3.6,7.4,47,81,179,13,28,3.4,7.2,1.9
19,33,4.1,7.5,43,78,181,17,31,3.9,7.3,2.3
23,37,4.9,7.9,40,76,183,21,35,4.6,7.7,2.9
27,41,5.4,7.9,36,74,178,25,39,5.1,7.8,3.3
31,43,5.7,8.0,34,73,176,28,41,5.4,7.9,3.6
35,47,6.4,8.2,32,72,174,32,44,6.0,8.0,4.1
39,51,7.1,8.4,30,71,182,36,48,6.7,8.2,4.6
43,53,7.4,8.4,28,70,180,39,50,7.0,8.2,4.8
47,57,8.1,8.5,26,69,177,43,54,7.7,8.3,5.2
51,61,8.7,8.6,24,67,173,47,58,8.3,8.4,5.5
55,63,9.1,8.7,22,65,171,50,60,8.7,8.5,5.8
59,67,9.8,8.8,27,68,184,54,64,9.3,8.6,6.1
63,71,10.4,8.8,29,69,181,58,68,9.9,8.6,6.4
67,73,10.8,8.9,31,71,178,61,70,10.3,8.7,6.6
71,77,11.6,9.0,33,72,176,65,74,11.0,8.8,6.9
75,81,12.3,9.1,35,74,174,69,78,11.7,8.9,7.2
79,83,12.8,9.3,37,75,182,72,80,12.2,9.0,7.5
83,87,13.7,9.4,39,77,185,76,84,13.0,9.1,7.9
85,91,14.8,9.8,41,79,183,78,88,14.0,9.4,8.1
82,95,15.8,10.0,38,76,180,75,92,15.0,9.7,8.4
78,99,16.8,10.2,36,74,177,71,96,16.0,9.9,8.6
74,103,17.8,10.4,34,73,175,67,100,17.0,10.1,8.8
70,107,18.8,10.5,32,71,173,63,104,18.0,10.2,9.0
66,111,19.8,10.7,30,70,181,59,108,19.0,10.4,9.2
62,115,20.8,10.9,28,68,184,55,112,20.0,10.6,9.4
58,119,21.8,11.0,26,67,182,51,116,21.0,10.7,9.6
54,123,22.8,11.1,24,65,179,47,120,22.0,10.8,9.8
50,127,23.8,11.2,22,63,176,43,124,23.0,10.9,10.0
13,26,3.3,7.6,45,83,178,11,24,3.0,7.3,1.7
29,39,5.3,8.2,33,73,182,26,37,5.0,7.9,3.8
41,49,6.9,8.4,28,69,175,37,46,6.5,8.1,4.7
57,69,10.1,8.8,35,74,180,52,65,9.5,8.5,6.0
69,79,11.9,9.0,31,70,177,63,75,11.2,8.8,6.8
81,89,14.2,9.6,27,67,173,74,85,13.4,9.3,7.9
85,97,16.4,10.1,29,68,181,77,93,15.5,9.8,8.5
77,109,19.2,10.6,34,72,184,70,103,18.3,10.2,9.1
65,121,22.3,11.1,38,75,182,58,115,21.2,10.7,9.7
45,132,25.1,11.4,30,69,178,40,126,24.0,11.0,10.0
5,19,2.1,6.6,58,92,174,4,18,2.0,6.5,0.4
7,21,2.4,6.9,55,89,176,6,20,2.2,6.7,0.7
9,23,2.7,7.0,51,86,178,8,22,2.5,6.8,1.0
11,25,3.0,7.2,48,83,180,10,24,2.8,7.0,1.3
13,27,3.3,7.3,45,81,177,12,26,3.1,7.1,1.6
15,29,3.6,7.4,43,79,182,14,28,3.4,7.2,1.9
17,31,3.9,7.5,41,78,179,15,30,3.7,7.3,2.1
19,33,4.2,7.6,39,77,181,17,31,4.0,7.4,2.3
21,35,4.5,7.7,37,76,183,19,33,4.2,7.5,2.6
23,37,4.8,7.8,35,75,180,21,35,4.5,7.6,2.8
25,39,5.1,7.8,33,74,178,23,37,4.8,7.6,3.0
27,41,5.4,7.9,31,73,176,25,39,5.1,7.7,3.2
29,43,5.8,8.1,29,72,184,27,41,5.4,7.9,3.5
31,45,6.1,8.1,28,71,181,29,43,5.7,8.0,3.7
33,47,6.4,8.2,27,70,179,31,45,6.0,8.0,3.9
35,49,6.8,8.3,26,69,177,33,47,6.3,8.1,4.1
37,51,7.1,8.4,25,68,175,35,49,6.6,8.2,4.3
39,53,7.4,8.4,24,67,173,37,51,6.9,8.2,4.5
41,55,7.8,8.5,23,66,186,39,53,7.2,8.3,4.7
43,57,8.1,8.5,22,65,183,41,55,7.5,8.3,4.9
45,59,8.4,8.5,21,64,180,43,57,7.8,8.3,5.0
47,61,8.8,8.7,24,66,178,45,59,8.1,8.5,5.2
49,63,9.1,8.7,27,68,176,47,61,8.4,8.5,5.4
51,65,9.4,8.7,30,70,182,49,63,8.7,8.5,5.6
53,67,9.8,8.8,32,72,184,51,65,9.0,8.6,5.8
55,69,10.1,8.8,34,74,181,53,67,9.3,8.6,6.0
57,71,10.5,8.9,36,75,178,55,69,9.7,8.7,6.2
59,73,10.8,8.9,38,77,176,57,71,10.0,8.7,6.4
61,75,11.2,9.0,40,78,174,59,73,10.4,8.8,6.6
63,77,11.6,9.0,42,79,172,61,75,10.8,8.8,6.8
65,79,12.0,9.1,44,80,180,63,77,11.2,8.9,7.0
67,81,12.4,9.2,41,77,183,65,79,11.6,9.0,7.2
69,83,12.8,9.3,38,75,185,67,81,12.0,9.1,7.4
71,85,13.2,9.3,35,73,182,69,83,12.4,9.1,7.6
73,87,13.7,9.4,33,72,179,71,85,12.9,9.2,7.8
75,89,14.1,9.5,31,71,177,73,87,13.3,9.3,8.0
77,91,14.6,9.6,29,70,175,75,89,13.8,9.4,8.2
79,93,15.0,9.7,28,69,173,77,91,14.2,9.5,8.4
81,95,15.5,9.8,27,68,181,79,93,14.7,9.6,8.6
83,97,16.0,9.9,26,67,184,81,95,15.2,9.7,8.8
85,99,16.5,10.0,25,66,182,83,97,15.7,9.8,9.0
84,101,17.0,10.1,24,65,179,82,99,16.2,9.9,9.1
82,103,17.5,10.2,23,64,176,80,101,16.7,10.0,9.2
80,105,18.0,10.3,22,63,174,78,103,17.2,10.1,9.3
78,107,18.5,10.4,21,62,171,76,105,17.7,10.2,9.4
76,109,19.0,10.5,30,66,183,74,107,18.2,10.3,9.5
74,111,19.5,10.5,32,68,185,72,109,18.7,10.3,9.6
72,113,20.0,10.6,34,70,182,70,111,19.2,10.4,9.7
70,115,20.5,10.7,36,72,179,68,113,19.7,10.5,9.8
68,117,21.0,10.8,38,74,177,66,115,20.2,10.6,9.9
66,119,21.5,10.8,40,76,175,64,117,20.7,10.6,10.0
4,20,2.2,6.6,56,90,175,5,19,2.1,6.5,0.5
8,24,2.8,7.0,49,84,178,7,22,2.6,6.8,1.1
12,28,3.5,7.5,44,80,181,11,26,3.2,7.2,1.8
16,32,4.1,7.7,40,77,183,15,30,3.8,7.4,2.4
20,36,4.8,8.0,36,75,180,19,34,4.5,7.7,3.0
24,40,5.4,8.1,32,73,177,23,38,5.1,7.9,3.4
28,44,6.0,8.2,30,72,175,27,42,5.7,8.0,3.8
32,48,6.7,8.4,28,71,184,31,46,6.3,8.2,4.2
36,52,7.3,8.4,26,69,181,35,50,6.9,8.2,4.6
40,56,8.0,8.6,24,67,178,39,54,7.5,8.4,5.0
44,60,8.6,8.6,22,65,174,43,58,8.1,8.4,5.3
48,64,9.3,8.7,25,67,172,47,62,8.8,8.5,5.6
52,68,10.0,8.8,28,69,180,51,66,9.4,8.6,5.9
56,72,10.7,8.9,31,71,183,55,70,10.1,8.7,6.2
60,76,11.4,9.0,34,73,185,59,74,10.8,8.8,6.6
64,80,12.1,9.1,37,75,182,63,78,11.5,8.9,7.0
68,84,12.9,9.2,40,77,179,67,82,12.2,9.0,7.4
72,88,13.6,9.3,43,79,176,71,86,12.9,9.1,7.8
76,92,14.4,9.4,39,76,174,75,90,13.7,9.2,8.2
80,96,15.2,9.5,35,73,182,79,94,14.5,9.3,8.5
84,100,16.0,9.6,31,70,184,82,98,15.3,9.4,8.9
85,104,16.9,9.8,29,69,181,83,102,16.1,9.6,9.2
81,108,17.8,9.9,27,68,178,79,106,17.0,9.7,9.4
77,112,18.7,10.0,25,66,176,75,110,17.9,9.8,9.6
73,116,19.6,10.1,23,65,173,71,114,18.8,9.9,9.8
69,120,20.5,10.3,21,63,170,67,118,19.7,10.1,10.0
6,22,2.5,6.8,54,88,177,5,20,2.3,6.6,0.8
10,26,3.1,7.2,50,85,179,9,24,2.9,7.0,1.4
14,30,3.8,7.6,46,82,181,13,28,3.5,7.3,2.0
18,34,4.4,7.8,42,79,183,17,32,4.1,7.5,2.6
22,38,5.1,8.1,38,76,180,21,36,4.8,7.8,3.2
26,42,5.8,8.3,34,74,177,25,40,5.4,8.0,3.6
30,46,6.4,8.3,32,73,175,29,44,6.0,8.1,4.0
34,50,7.1,8.5,30,72,184,33,48,6.7,8.3,4.4
38,54,7.8,8.7,28,70,181,37,52,7.3,8.4,4.8
42,58,8.5,8.8,26,68,178,41,56,8.0,8.5,5.2
46,62,9.2,8.9,24,66,176,45,60,8.7,8.6,5.5
50,66,10.0,9.1,27,68,173,49,64,9.4,8.8,5.9
54,70,10.7,9.2,30,70,182,53,68,10.1,8.9,6.2
58,74,11.5,9.3,33,72,184,57,72,10.8,9.0,6.6
62,78,12.3,9.5,36,74,181,61,76,11.6,9.2,7.0
66,82,13.1,9.6,39,76,178,65,80,12.4,9.3,7.4
70,86,13.9,9.7,42,78,175,69,84,13.2,9.4,7.8
74,90,14.8,9.9,40,77,183,73,88,14.0,9.6,8.2
78,94,15.7,10.0,37,74,185,77,92,14.9,9.7,8.5
82,98,16.6,10.2,34,72,182,80,96,15.8,9.9,8.9
85,102,17.5,10.3,31,70,179,83,100,16.7,10.0,9.2
83,106,18.4,10.4,28,68,177,81,104,17.6,10.1,9.4
79,110,19.4,10.6,26,67,174,77,108,18.6,10.3,9.6
75,114,20.4,10.7,24,65,172,73,112,19.6,10.4,9.8
71,118,21.4,10.9,22,64,180,69,116,20.6,10.6,10.0
3,17,1.9,6.7,59,93,173,4,16,1.8,6.5,0.3
9,25,3.0,7.2,47,83,180,8,23,2.8,7.0,1.2
15,33,4.2,7.6,41,78,182,14,31,4.0,7.4,2.3
21,41,5.5,8.0,35,74,179,20,39,5.2,7.8,3.3
27,49,6.8,8.3,31,72,176,26,47,6.4,8.0,4.1
33,57,8.1,8.5,27,69,184,32,55,7.7,8.2,4.9
39,65,9.4,8.7,24,67,181,38,63,8.9,8.4,5.6
45,73,10.8,8.9,28,69,178,44,71,10.2,8.6,6.3
51,81,12.2,9.0,32,71,175,50,79,11.5,8.8,7.0
57,89,13.6,9.2,36,74,183,56,87,12.9,9.0,7.7
63,97,15.0,9.3,40,77,185,62,95,14.3,9.1,8.3
69,105,16.5,9.4,38,76,182,68,103,15.8,9.2,8.8
75,113,18.0,9.6,34,73,179,74,111,17.3,9.4,9.2
81,121,19.6,9.7,30,70,176,79,119,18.8,9.5,9.6
85,129,21.2,9.9,26,67,173,83,127,20.4,9.7,10.0
7,18,2.2,7.3,25,64,171,6,20,2.5,7.5,1.0
12,24,3.8,9.5,24,63,170,10,26,4.0,9.2,3.5
18,30,5.5,11.0,23,62,172,16,32,5.8,10.8,6.0
24,36,7.2,12.0,22,61,173,22,38,7.5,11.7,7.8
30,42,8.8,12.6,24,62,174,28,44,9.0,12.2,8.5
36,48,10.5,13.1,26,63,175,34,50,10.8,12.7,9.0
42,54,12.1,13.4,28,64,176,40,56,12.4,13.0,9.3
48,60,13.8,13.8,30,65,177,46,62,14.1,13.4,9.6
54,66,15.4,14.0,32,66,178,52,68,15.7,13.7,9.8
60,72,17.0,14.2,34,67,179,58,74,17.3,13.9,10.0
14,35,4.5,7.7,53,87,176,12,33,4.2,7.4,2.0
22,45,6.2,8.3,49,84,178,20,42,5.8,8.0,3.5
30,55,8.0,8.7,45,81,180,28,52,7.5,8.4,5.0
38,65,10.0,9.2,41,78,182,36,62,9.4,8.9,6.5
46,75,12.1,9.7,37,75,184,44,72,11.4,9.4,7.5
54,85,14.3,10.1,33,72,181,52,82,13.5,9.8,8.3
62,95,16.5,10.4,29,70,178,60,92,15.6,10.1,9.0
70,105,18.8,10.7,27,69,175,68,102,17.8,10.4,9.5
78,115,21.2,11.1,25,67,173,76,112,20.0,10.8,9.8
85,125,23.6,11.3,24,66,172,82,122,22.3,11.0,10.0
4,18,2.0,6.7,58,92,174,4,17,1.9,6.5,0.4
6,20,2.3,6.9,56,90,176,5,19,2.1,6.7,0.7
8,22,2.6,7.1,54,88,178,7,21,2.4,6.9,1.0
10,24,2.9,7.3,52,86,180,9,23,2.7,7.1,1.3
12,26,3.2,7.4,50,84,177,11,25,3.0,7.2,1.6
14,28,3.5,7.5,48,82,179,13,27,3.3,7.3,1.9
16,30,3.8,7.6,46,81,181,15,29,3.6,7.4,2.2
18,32,4.1,7.7,44,80,183,17,31,3.9,7.5,2.5
20,34,4.4,7.8,42,79,180,19,33,4.2,7.6,2.8
22,36,4.7,7.8,40,78,178,21,35,4.5,7.6,3.0
24,38,5.0,7.9,38,77,176,23,37,4.8,7.7,3.2
26,40,5.3,8.0,36,76,184,25,39,5.1,7.8,3.4
28,42,5.6,8.0,34,75,182,27,41,5.4,7.8,3.6
30,44,5.9,8.1,32,74,180,29,43,5.7,7.9,3.8
32,46,6.2,8.1,30,73,178,31,45,6.0,7.9,4.0
34,48,6.6,8.2,29,72,176,33,47,6.3,8.0,4.2
36,50,6.9,8.3,28,71,174,35,49,6.6,8.1,4.4
38,52,7.2,8.3,27,70,172,37,51,6.9,8.1,4.6
40,54,7.5,8.3,26,69,181,39,53,7.2,8.1,4.8
42,56,7.8,8.4,25,68,183,41,55,7.5,8.2,5.0
44,58,8.1,8.4,24,67,185,43,57,7.8,8.2,5.2
46,60,8.4,8.4,23,66,182,45,59,8.1,8.2,5.4
48,62,8.8,8.5,22,65,180,47,61,8.4,8.3,5.6
50,64,9.1,8.5,21,64,178,49,63,8.7,8.3,5.8
52,66,9.4,8.5,24,66,176,51,65,9.0,8.3,6.0
54,68,9.8,8.6,26,68,174,53,67,9.3,8.4,6.2
56,70,10.1,8.7,28,70,182,55,69,9.7,8.5,6.4
58,72,10.5,8.8,30,72,184,57,71,10.0,8.6,6.6
60,74,10.9,8.8,32,73,181,59,73,10.4,8.6,6.8
62,76,11.3,8.9,34,74,179,61,75,10.8,8.7,7.0
64,78,11.7,9.0,36,75,177,63,77,11.2,8.8,7.2
66,80,12.1,9.1,38,76,175,65,79,11.6,8.9,7.4
68,82,12.5,9.1,40,77,173,67,81,12.0,8.9,7.6
70,84,12.9,9.2,42,78,171,69,83,12.4,9.0,7.8
72,86,13.3,9.3,44,79,183,71,85,12.8,9.1,8.0
74,88,13.8,9.4,41,77,181,73,87,13.3,9.2,8.2
76,90,14.2,9.5,39,75,179,75,89,13.7,9.3,8.4
78,92,14.7,9.6,37,74,177,77,91,14.2,9.4,8.6
80,94,15.2,9.7,35,73,175,79,93,14.7,9.5,8.8
82,96,15.7,9.8,33,72,173,81,95,15.2,9.6,9.0
84,98,16.2,9.9,31,71,182,83,97,15.7,9.7,9.2
85,100,16.7,10.0,29,70,184,84,99,16.2,9.8,9.4
83,102,17.2,10.1,28,69,181,82,101,16.7,9.9,9.5
81,104,17.7,10.2,27,68,179,80,103,17.2,10.0,9.6
79,106,18.2,10.3,26,67,177,78,105,17.7,10.1,9.7
77,108,18.7,10.4,25,66,175,76,107,18.2,10.2,9.8
75,110,19.2,10.5,24,65,173,74,109,18.7,10.3,9.9
73,112,19.7,10.6,23,64,171,72,111,19.2,10.4,10.0
5,19,2.1,6.6,57,91,175,4,18,2.0,6.5,0.5
9,23,2.8,7.3,51,85,179,8,22,2.6,7.0,1.2
13,27,3.4,7.6,47,82,181,12,26,3.2,7.3,1.8
17,31,4.0,7.7,43,79,183,16,30,3.8,7.4,2.4
21,35,4.7,8.1,39,77,180,20,34,4.4,7.8,3.0
25,39,5.3,8.2,35,75,177,24,38,5.0,7.9,3.5
29,43,6.0,8.4,31,73,175,28,42,5.7,8.1,4.0
33,47,6.6,8.4,29,72,184,32,46,6.3,8.2,4.4
37,51,7.3,8.6,27,70,182,36,50,6.9,8.4,4.8
41,55,7.9,8.6,25,68,179,40,54,7.5,8.4,5.1
45,59,8.6,8.7,23,66,176,44,58,8.2,8.5,5.4
49,63,9.3,8.9,26,68,174,48,62,8.8,8.7,5.8
53,67,10.0,9.0,28,69,181,52,66,9.5,8.8,6.1
57,71,10.7,9.0,30,71,183,56,70,10.2,8.8,6.4
61,75,11.4,9.1,32,73,180,60,74,10.9,8.9,6.8
65,79,12.1,9.2,34,74,178,64,78,11.6,9.0,7.1
69,83,12.8,9.3,36,76,176,68,82,12.3,9.1,7.4
73,87,13.5,9.3,38,77,174,72,86,13.0,9.1,7.8
77,91,14.3,9.4,40,78,172,76,90,13.8,9.2,8.2
81,95,15.1,9.5,42,79,184,80,94,14.6,9.3,8.6
85,99,15.9,9.6,39,76,182,83,98,15.4,9.4,9.0
82,103,16.8,9.8,35,73,179,80,102,16.2,9.6,9.3
78,107,17.7,9.9,31,70,177,76,106,17.1,9.7,9.5
74,111,18.6,10.1,27,68,175,72,110,18.0,9.9,9.7
70,115,19.5,10.2,24,66,173,68,114,18.9,10.0,10.0
6,21,2.4,6.9,55,89,176,5,20,2.2,6.7,0.8
10,25,3.0,7.2,50,84,180,9,24,2.8,7.0,1.4
14,29,3.7,7.7,46,81,182,13,28,3.4,7.4,2.0
18,33,4.3,7.8,42,78,184,17,32,4.0,7.5,2.6
22,37,5.0,8.1,38,75,181,21,36,4.7,7.8,3.2
26,41,5.7,8.3,34,73,178,25,40,5.3,8.0,3.7
30,45,6.3,8.4,30,72,176,29,44,5.9,8.1,4.1
34,49,7.0,8.6,28,71,174,33,48,6.6,8.3,4.5
38,53,7.7,8.7,26,69,183,37,52,7.2,8.4,4.9
42,57,8.4,8.8,24,67,181,41,56,7.9,8.5,5.3
46,61,9.1,9.0,22,65,178,45,60,8.6,8.7,5.7
50,65,9.8,9.0,25,67,175,49,64,9.3,8.8,6.0
54,69,10.6,9.2,28,69,173,53,68,10.0,9.0,6.3
58,73,11.3,9.3,31,71,182,57,72,10.7,9.1,6.7
62,77,12.1,9.4,34,73,184,61,76,11.5,9.2,7.0
66,81,12.9,9.6,37,75,181,65,80,12.3,9.4,7.4
70,85,13.7,9.7,40,77,178,69,84,13.1,9.5,7.8
74,89,14.5,9.8,42,78,176,73,88,13.9,9.6,8.2
78,93,15.4,9.9,39,76,174,77,92,14.8,9.7,8.6
82,97,16.3,10.1,36,74,172,80,96,15.7,9.9,9.0
85,101,17.2,10.2,33,72,184,83,100,16.6,10.0,9.3
81,105,18.1,10.3,30,70,182,79,104,17.5,10.1,9.5
77,109,19.1,10.5,27,68,179,75,108,18.5,10.3,9.7
73,113,20.1,10.7,25,67,177,71,112,19.5,10.5,9.9
69,117,21.1,10.8,23,65,175,67,116,20.5,10.6,10.0
7,18,2.3,7.7,24,64,171,6,20,2.5,7.5,1.2
12,24,4.0,10.0,23,63,172,10,25,4.2,9.6,4.0
17,30,5.8,11.6,22,62,173,15,31,6.0,11.2,6.5
22,36,7.6,12.7,23,62,174,20,37,7.8,12.3,8.0
27,42,9.3,13.3,24,63,175,25,43,9.5,12.8,8.7
32,48,11.0,13.8,25,64,176,30,49,11.2,13.3,9.1
37,54,12.8,14.2,26,65,177,35,55,13.0,13.7,9.4
42,60,14.5,14.5,27,66,178,40,61,14.7,14.0,9.6
47,66,16.2,14.7,28,67,179,45,67,16.4,14.3,9.8
52,72,18.0,15.0,29,68,180,50,73,18.2,14.6,10.0
9,26,3.2,7.4,49,84,179,8,24,3.0,7.1,1.5
19,38,5.3,8.4,41,78,182,18,36,5.0,8.0,3.4
29,50,7.5,9.0,35,74,180,28,48,7.1,8.7,5.2
39,62,9.9,9.6,30,71,177,38,60,9.4,9.2,6.8
49,74,12.3,10.0,27,69,175,48,72,11.8,9.7,8.0
59,86,14.8,10.3,25,67,173,58,84,14.2,10.0,8.8
69,98,17.4,10.7,24,66,172,68,96,16.8,10.4,9.4
79,110,20.1,11.0,23,65,171,77,108,19.4,10.7,9.8
85,122,22.9,11.3,22,64,170,83,120,22.1,11.0,10.0
5,20,2.2,6.6,60,94,173,4,18,2.0,6.4,0.4
15,30,3.9,7.8,50,86,178,14,28,3.7,7.5,2.1
25,40,5.8,8.7,42,80,182,24,38,5.5,8.3,4.0
35,50,7.8,9.4,36,75,180,34,48,7.4,9.0,5.8
45,60,9.8,9.8,32,72,177,44,58,9.3,9.4,7.0
55,70,11.9,10.2,29,70,175,54,68,11.3,9.8,8.0
65,80,14.0,10.5,27,68,173,64,78,13.4,10.1,8.8
75,90,16.3,10.9,25,67,172,74,88,15.6,10.5,9.5
85,100,18.7,11.2,24,66,171,83,98,18.0,10.8,10.0
4,17,1.9,6.7,58,91,174,4,16,1.8,6.5,0.3
14,27,3.5,7.8,48,83,179,13,25,3.3,7.5,1.8
24,37,5.2,8.4,40,77,183,23,35,4.9,8.1,3.5
34,47,7.0,8.9,34,73,181,33,45,6.6,8.6,5.0
44,57,8.9,9.4,30,71,178,43,55,8.4,9.0,6.5
54,67,10.9,9.8,27,69,176,53,65,10.3,9.4,7.6
64,77,13.0,10.1,25,67,174,63,75,12.3,9.8,8.5
74,87,15.2,10.5,24,66,173,73,85,14.5,10.1,9.3
84,97,17.5,10.8,23,65,172,82,95,16.8,10.4,9.8
85,107,19.9,11.2,22,64,171,83,105,19.1,10.8,10.0
3,16,1.8,6.8,61,95,172,4,17,1.9,6.6,0.2
4,17,1.9,6.7,59,93,174,4,16,1.8,6.5,0.3
5,18,2.0,6.7,57,91,176,5,17,1.9,6.5,0.4
6,19,2.2,6.9,55,89,178,5,18,2.0,6.7,0.6
7,20,2.3,6.9,53,87,180,6,19,2.1,6.7,0.8
8,21,2.5,7.1,51,86,177,7,20,2.3,6.9,1.0
9,22,2.6,7.1,49,84,179,8,21,2.4,6.9,1.1
10,23,2.8,7.3,47,83,181,9,22,2.6,7.1,1.3
11,24,2.9,7.3,45,82,183,10,23,2.7,7.1,1.4
12,25,3.1,7.4,43,81,180,11,24,2.9,7.2,1.6
13,26,3.2,7.4,41,80,178,12,25,3.0,7.2,1.7
14,27,3.4,7.6,39,79,176,13,26,3.2,7.4,1.9
15,28,3.5,7.5,37,78,184,14,27,3.3,7.3,2.0
16,29,3.7,7.7,35,77,182,15,28,3.5,7.5,2.2
17,30,3.9,7.8,33,76,180,16,29,3.6,7.6,2.3
18,31,4.0,7.7,31,75,178,17,30,3.8,7.5,2.4
19,32,4.2,7.9,29,74,176,18,31,4.0,7.7,2.6
20,33,4.3,7.8,28,73,174,19,32,4.1,7.6,2.7
21,34,4.5,7.9,27,72,172,20,33,4.3,7.7,2.8
22,35,4.6,7.9,26,71,181,21,34,4.4,7.7,2.9
23,36,4.8,8.0,25,70,183,22,35,4.6,7.8,3.0
24,37,4.9,7.9,24,69,185,23,36,4.7,7.8,3.1
25,38,5.1,8.1,23,68,182,24,37,4.9,7.9,3.2
26,39,5.3,8.2,22,67,180,25,38,5.0,8.0,3.3
27,40,5.4,8.1,21,66,178,26,39,5.2,7.9,3.4
28,41,5.6,8.2,24,67,176,27,40,5.4,8.0,3.5
29,42,5.7,8.1,26,68,174,28,41,5.5,7.9,3.6
30,43,5.9,8.2,28,69,182,29,42,5.7,8.0,3.7
31,44,6.1,8.3,30,70,184,30,43,5.9,8.1,3.8
32,45,6.2,8.3,32,71,181,31,44,6.0,8.1,3.9
33,46,6.4,8.3,34,72,179,32,45,6.2,8.1,4.0
34,47,6.5,8.3,36,73,177,33,46,6.3,8.1,4.1
35,48,6.7,8.4,38,74,175,34,47,6.5,8.2,4.2
36,49,6.9,8.4,40,75,173,35,48,6.7,8.2,4.3
37,50,7.0,8.4,42,76,171,36,49,6.8,8.2,4.4
38,51,7.2,8.5,44,77,183,37,50,7.0,8.3,4.5
39,52,7.4,8.5,41,76,181,38,51,7.2,8.3,4.6
40,53,7.5,8.5,39,75,179,39,52,7.3,8.3,4.7
41,54,7.7,8.6,37,74,177,40,53,7.5,8.4,4.8
42,55,7.9,8.6,35,73,175,41,54,7.7,8.4,4.9
43,56,8.0,8.6,33,72,173,42,55,7.8,8.4,5.0
44,57,8.2,8.6,31,71,182,43,56,8.0,8.4,5.1
45,58,8.4,8.7,29,70,184,44,57,8.2,8.5,5.2
46,59,8.5,8.6,27,69,181,45,58,8.3,8.4,5.3
47,60,8.7,8.7,25,68,179,46,59,8.5,8.5,5.4
48,61,8.9,8.7,23,67,177,47,60,8.7,8.5,5.5
49,62,9.0,8.7,22,66,175,48,61,8.8,8.5,5.6
50,63,9.2,8.8,21,65,173,49,62,9.0,8.6,5.7
51,64,9.4,8.8,24,66,171,50,63,9.2,8.6,5.8
52,65,9.5,8.8,26,67,183,51,64,9.3,8.6,5.9
53,66,9.7,8.8,28,68,185,52,65,9.5,8.6,6.0
54,67,9.9,8.9,30,69,182,53,66,9.7,8.7,6.1
55,68,10.0,8.8,32,70,180,54,67,9.8,8.6,6.2
56,69,10.2,8.9,34,71,178,55,68,10.0,8.7,6.3
57,70,10.4,8.9,36,72,176,56,69,10.2,8.7,6.4
58,71,10.6,9.0,38,73,174,57,70,10.4,8.8,6.5
59,72,10.8,9.0,40,74,172,58,71,10.6,8.8,6.6
60,73,11.0,9.0,42,75,181,59,72,10.8,8.8,6.7
61,74,11.2,9.1,44,76,183,60,73,11.0,8.9,6.8
62,75,11.4,9.1,41,75,180,61,74,11.2,8.9,6.9
63,76,11.6,9.2,39,74,178,62,75,11.4,9.0,7.0
64,77,11.8,9.2,37,73,176,63,76,11.6,9.0,7.1
65,78,12.0,9.2,35,72,174,64,77,11.8,9.0,7.2
66,79,12.2,9.3,33,71,172,65,78,12.0,9.1,7.3
67,80,12.4,9.3,31,70,184,66,79,12.2,9.1,7.4
68,81,12.6,9.3,29,69,182,67,80,12.4,9.1,7.5
69,82,12.8,9.4,27,68,180,68,81,12.6,9.2,7.6
70,83,13.0,9.4,25,67,178,69,82,12.8,9.2,7.7
71,84,13.2,9.4,23,66,176,70,83,13.0,9.2,7.8
72,85,13.4,9.5,22,65,174,71,84,13.2,9.3,7.9
73,86,13.7,9.6,21,64,172,72,85,13.5,9.4,8.0
74,87,14.0,9.7,24,65,181,73,86,13.8,9.5,8.1
75,88,14.2,9.7,26,66,183,74,87,14.0,9.5,8.2
76,89,14.5,9.8,28,67,185,75,88,14.3,9.6,8.3
77,90,14.8,9.9,30,68,182,76,89,14.6,9.7,8.4
78,91,15.0,9.9,32,69,180,77,90,14.8,9.7,8.5
79,92,15.3,10.0,34,70,178,78,91,15.1,9.8,8.6
80,93,15.6,10.1,36,71,176,79,92,15.4,9.9,8.7
81,94,15.9,10.1,38,72,174,80,93,15.7,9.9,8.8
82,95,16.2,10.2,40,73,172,81,94,16.0,10.0,8.9
83,96,16.5,10.3,42,74,181,82,95,16.3,10.1,9.0
84,97,16.8,10.4,44,75,183,83,96,16.6,10.2,9.1
85,98,17.1,10.5,41,74,180,84,97,16.9,10.3,9.2
84,99,17.4,10.5,39,73,178,83,98,17.2,10.3,9.3
83,100,17.7,10.6,37,72,176,82,99,17.5,10.4,9.4
82,101,18.0,10.7,35,71,174,81,100,17.8,10.5,9.5
81,102,18.3,10.8,33,70,172,80,101,18.1,10.6,9.6
80,103,18.6,10.8,31,69,184,79,102,18.4,10.6,9.7
79,104,18.9,10.9,29,68,182,78,103,18.7,10.7,9.8
78,105,19.2,11.0,27,67,180,77,104,19.0,10.8,9.9
77,106,19.5,11.0,25,66,178,76,105,19.3,10.8,10.0
10,25,3.4,8.2,29,70,177,9,24,3.2,7.9,2.8
15,30,4.6,9.2,27,68,175,14,29,4.4,8.8,4.2
20,35,5.9,10.1,25,66,173,19,34,5.7,9.7,5.6
25,40,7.3,11.0,24,65,172,24,39,7.0,10.6,6.8
30,45,8.8,11.7,23,64,171,29,44,8.5,11.2,7.8
35,50,10.2,12.2,24,64,172,34,49,9.9,11.8,8.5
40,55,11.7,12.8,25,65,173,39,54,11.3,12.3,9.0
45,60,13.3,13.3,26,66,174,44,59,12.8,12.8,9.4
50,65,14.8,13.7,27,67,175,49,64,14.3,13.2,9.7
55,70,16.3,14.0,28,68,176,54,69,15.8,13.6,10.0
12,28,3.8,8.1,48,82,180,11,27,3.6,7.8,2.5
24,42,6.3,9.0,40,77,183,23,40,6.0,8.6,4.5
36,56,9.0,9.6,34,73,181,35,54,8.6,9.2,6.2
48,70,11.9,10.2,30,70,178,47,68,11.4,9.8,7.8
60,84,14.8,10.6,27,68,176,59,82,14.2,10.2,8.8
72,98,17.9,11.0,25,66,174,71,96,17.2,10.6,9.5
84,112,21.0,11.3,23,65,172,82,110,20.2,10.9,10.0
5,20,2.4,7.2,54,88,178,5,19,2.3,7.0,1.0
15,32,4.8,9.0,44,80,182,14,30,4.5,8.6,3.8
25,44,7.2,9.8,36,75,180,24,42,6.8,9.4,5.8
35,56,9.8,10.5,30,71,177,34,54,9.3,10.0,7.5
45,68,12.5,11.0,27,69,175,44,66,11.9,10.5,8.5
55,80,15.3,11.5,25,67,173,54,78,14.6,11.0,9.2
65,92,18.2,11.9,24,66,172,64,90,17.4,11.4,9.8
85,104,21.5,12.4,23,65,171,83,102,20.6,11.9,10.0
20,44,4.9,6.7,22,78,178,25,38,5.1,6.2,0.1
72,107,11.4,6.4,35,75,170,74,107,12.0,6.0,0
30,35,4.1,7.0,48,80,180,30,30,3.3,6.6,0.3
61,109,12.2,6.7,59,65,178,62,103,12.3,7.0,0.4
32,21,2.4,6.8,44,67,176,28,20,3.1,6.7,0.2
29,61,6.8,6.7,44,86,175,34,55,7.0,6.4,0.1
84,50,5.7,6.8,31,87,184,82,52,6.4,7.1,0.3
11,50,5.2,6.3,23,88,180,15,52,4.6,6.3,0
34,33,3.8,6.9,50,79,174,37,33,4.3,6.8,0.5
66,81,8.5,6.3,44,71,177,61,76,7.8,6.0,0.3
79,64,7.6,7.1,59,87,172,82,64,8.5,7.5,0.4
40,30,3.2,6.4,28,84,178,42,22,4.1,6.8,0
83,29,3.1,6.4,53,95,175,85,37,3.3,6.1,0.1
5,78,8.3,6.4,55,83,170,5,79,7.8,6.1,0.5
11,120,14.2,7.1,26,94,172,14,116,13.5,7.1,0.4
28,85,9.8,6.9,37,76,183,29,88,9.7,6.9,0.4
78,18,2.0,6.6,35,84,172,82,17,1.5,6.8,0.1
68,25,2.6,6.3,25,84,171,73,32,2.0,6.0,0.1
63,116,13.7,7.1,57,78,185,61,111,12.9,7.0,0.8
54,23,2.6,6.9,50,69,171,50,22,2.0,6.9,0.4
12,47,5.1,6.5,32,92,178,15,42,4.2,7.0,0.2
65,68,7.7,6.8,26,73,177,66,61,7.0,6.3,0.8
74,105,12.1,6.9,50,90,179,76,101,11.5,6.6,0.5
9,23,2.6,6.7,55,83,171,12,31,1.9,7.2,0.2
33,102,11.2,6.6,32,67,172,37,101,11.4,6.1,0.3
43,42,4.5,6.4,58,79,180,44,38,4.8,6.2,0.3
75,95,11.2,7.1,25,92,170,71,93,11.2,6.7,0.5
23,52,5.8,6.7,25,86,177,26,53,6.0,7.2,0.6
36,33,3.6,6.6,21,69,179,32,29,3.1,6.7,0.8
35,78,9.4,7.2,34,95,178,30,72,9.7,7.5,0.9
59,36,4.0,6.7,42,79,174,60,28,3.2,7.1,0.4
73,90,9.9,6.6,30,86,171,70,83,9.5,7.0,0.9
34,103,12.2,7.1,23,76,181,34,108,13.1,7.3,1.0
6,68,7.7,6.8,36,74,175,6,73,8.3,7.2,1.2
7,64,7.8,7.3,38,69,175,5,62,8.4,7.3,1.1
27,100,11.2,6.7,35,64,177,26,94,12.1,6.5,0.7
36,30,3.4,6.7,46,64,180,35,23,2.6,6.6,1.0
52,30,3.6,7.3,41,95,183,50,30,2.7,7.2,1.1
11,71,8.6,7.3,55,86,176,11,73,8.9,6.9,1.0
54,57,6.8,7.2,53,89,179,57,53,6.2,7.4,1.3
3,86,9.6,6.7,32,88,179,1,91,10.2,6.8,0.9
63,81,9.6,7.1,49,76,184,60,75,9.2,7.3,0.9
28,44,4.9,6.7,26,82,177,23,43,5.9,6.8,1.1
52,107,12.7,7.1,50,75,183,50,103,13.0,6.6,1.3
69,38,4.5,7.1,27,77,183,72,37,5.3,6.7,1.3
67,94,10.7,6.8,50,91,180,70,100,11.5,7.0,0.8
69,114,13.3,7.0,37,80,177,67,114,13.2,7.2,1.1
22,33,3.7,6.7,42,68,180,19,31,2.8,6.6,1.0
52,69,8.5,7.4,47,76,171,56,61,9.2,7.7,1.2
52,112,13.6,7.3,21,82,181,53,111,13.6,7.1,1.1
24,108,13.1,7.3,45,88,180,21,100,13.9,7.4,1.2
26,75,8.5,6.8,26,71,183,27,77,7.9,6.6,1.4
13,48,5.8,7.2,45,89,178,16,41,6.8,7.0,1.5
5,41,4.9,7.2,23,78,170,3,37,4.8,6.8,1.4
80,37,4.6,7.4,50,86,178,76,34,5.5,7.0,1.7
28,107,11.8,6.6,40,88,182,33,106,11.0,6.9,1.0
71,60,7.2,7.2,59,65,173,71,54,7.2,7.0,1.7
84,62,7.9,7.6,52,90,173,85,58,7.8,7.8,1.7
78,71,8.4,7.1,38,92,185,76,65,8.0,7.1,1.8
66,19,2.4,7.5,57,84,182,63,26,1.8,7.8,1.7
27,82,9.3,6.8,59,63,178,28,89,9.4,6.5,1.4
40,27,3.1,7.0,52,64,184,38,28,3.4,6.9,1.5
61,61,7.1,7.0,43,84,183,60,60,6.3,6.7,1.6
64,43,4.9,6.9,55,75,175,68,51,5.1,7.4,1.3
41,38,4.4,7.0,39,86,177,44,34,3.9,7.5,1.9
76,17,2.0,7.1,29,69,185,78,23,1.7,7.6,1.7
65,67,7.6,6.8,51,67,173,70,60,6.9,7.1,1.5
56,87,10.9,7.5,26,70,177,60,86,11.5,7.4,2.0
82,88,10.3,7.0,40,82,183,78,86,10.6,6.8,2.0
3,36,4.3,7.1,36,67,175,7,43,3.9,6.8,1.4
83,49,6.0,7.4,50,77,172,81,54,5.2,7.1,1.9
24,23,2.8,7.4,38,67,174,28,24,2.7,7.4,1.5
66,85,10.2,7.2,46,95,178,70,78,11.0,7.4,1.6
76,102,12.6,7.4,22,77,172,71,102,12.8,7.7,1.9
77,39,4.7,7.2,54,80,184,79,33,4.6,7.1,1.6
66,68,8.0,7.1,27,84,175,67,61,7.9,6.9,1.7
9,68,8.0,7.1,46,92,170,9,75,8.3,7.4,1.8
65,72,8.4,7.0,56,81,174,70,71,8.8,6.8,1.7
62,30,3.8,7.6,47,77,172,67,26,3.8,7.8,1.6
34,76,9.4,7.4,38,93,183,31,80,8.8,7.5,2.0
56,114,14.1,7.4,29,80,172,59,114,14.7,7.2,2.2
71,73,8.9,7.3,58,72,185,71,77,8.8,7.1,1.9
55,115,13.2,6.9,36,77,182,57,119,13.0,7.1,1.8
67,32,4.2,7.9,30,65,185,67,27,4.9,7.8,2.3
22,68,8.0,7.1,50,72,170,21,70,8.2,7.0,2.1
65,96,12.2,7.6,42,83,182,60,90,11.7,7.8,1.8
84,28,3.5,7.6,35,90,172,80,34,2.8,7.4,2.0
50,61,7.4,7.3,41,81,171,48,69,7.2,7.5,1.8
33,95,11.7,7.4,32,87,172,37,91,11.2,7.5,1.9
72,102,12.2,7.2,21,81,184,74,105,13.2,7.0,2.2
52,41,5.5,8.0,37,82,184,48,40,5.3,7.9,2.6
4,51,6.4,7.5,39,88,170,9,44,7.2,7.7,2.1
84,44,5.4,7.4,39,85,177,83,40,5.7,7.8,2.6
49,90,11.7,7.8,40,65,184,45,91,11.4,7.7,2.4
24,50,6.1,7.3,55,95,181,26,51,6.6,7.1,2.1
53,102,13.3,7.8,25,77,174,56,105,12.5,7.7,2.1
36,102,12.9,7.6,28,86,184,41,105,12.1,7.3,2.2
11,98,12.4,7.6,56,77,180,13,99,12.7,7.2,2.1
15,30,3.6,7.2,23,94,179,18,26,3.4,7.1,2.1
15,69,9.2,8.0,55,72,183,19,74,10.1,7.8,2.8
49,46,5.7,7.4,34,91,184,54,49,5.8,7.9,2.7
61,31,3.8,7.3,46,75,178,59,23,2.9,7.1,2.4
73,113,14.3,7.6,57,67,176,71,112,14.0,7.2,2.9
72,32,4.1,7.6,21,72,178,69,27,4.4,7.1,2.9
36,38,4.5,7.1,36,64,180,37,46,3.7,6.7,2.2
31,80,10.7,8.0,44,91,173,26,88,10.3,8.1,2.6
16,103,12.9,7.5,51,90,182,18,97,13.7,7.3,2.3
79,64,8.1,7.6,29,83,178,81,72,8.3,7.2,2.4
32,73,9.4,7.7,56,90,176,34,77,9.2,7.3,2.9
63,103,12.7,7.4,37,72,181,59,97,12.6,7.6,2.7
18,101,12.8,7.6,29,84,171,23,106,13.5,7.8,2.7
76,29,3.8,7.9,59,74,179,73,36,3.2,7.5,3.2
31,89,12.0,8.1,44,71,173,34,81,12.2,8.3,3.1
42,105,14.3,8.2,22,71,175,42,97,13.7,7.8,3.0
70,27,3.4,7.6,25,63,174,71,33,3.1,7.5,3.0
23,35,4.7,8.1,57,64,172,18,29,4.2,8.3,3.1
68,43,5.4,7.5,49,80,183,69,38,5.0,7.7,2.9
79,66,8.1,7.4,40,77,171,77,67,9.0,7.7,2.9
66,16,2.2,8.1,39,66,180,63,15,2.0,8.3,3.2
8,110,14.3,7.8,43,75,172,10,104,15.0,7.9,3.0
54,30,3.8,7.5,61,72,183,54,27,4.4,7.6,3.1
34,29,3.8,7.9,44,76,172,35,37,3.0,8.3,3.3
68,25,3.4,8.1,35,68,180,71,33,2.8,8.4,3.3
35,34,4.3,7.6,30,66,177,39,30,4.8,7.8,3.0
75,112,14.9,8.0,61,92,185,77,114,15.6,8.1,2.8
41,96,12.8,8.0,25,91,185,45,89,12.5,7.6,2.9
12,52,6.9,8.0,23,74,171,8,60,6.7,8.1,3.1
80,57,7.7,8.1,23,69,184,77,50,7.6,8.4,3.5
59,47,6.7,8.5,26,64,175,62,55,6.9,8.4,3.5
79,102,13.3,7.8,45,73,183,84,104,12.4,7.4,3.6
13,58,7.8,8.1,39,67,178,10,61,7.4,8.3,3.4
51,87,11.7,8.1,29,72,172,51,83,12.0,8.4,3.4
49,81,10.4,7.7,54,76,172,48,78,11.3,7.5,3.5
12,35,4.6,7.9,33,67,177,8,43,5.1,8.2,3.5
51,92,12.1,7.9,23,67,180,48,89,12.5,7.4,3.7
60,112,14.6,7.8,36,72,184,58,113,15.5,8.1,3.3
39,75,10.5,8.4,33,77,181,42,83,10.3,8.1,3.7
85,22,2.9,7.9,59,71,174,85,17,3.3,7.9,3.2
68,73,9.4,7.7,26,71,175,69,67,10.3,7.4,3.2
53,22,2.9,8.0,43,76,170,51,26,3.9,7.9,3.4
7,33,4.2,7.7,27,67,180,9,29,4.7,7.7,3.1
22,43,5.9,8.2,26,71,170,26,51,5.7,8.5,3.6
84,69,9.4,8.2,28,70,171,85,63,8.6,8.6,3.3
57,53,6.9,7.8,22,67,177,57,52,7.0,7.5,3.7
72,83,11.3,8.2,54,65,181,75,75,11.1,8.2,3.7
11,61,8.1,8.0,44,63,178,16,56,8.6,8.2,3.7
85,59,7.7,7.8,23,80,181,85,65,8.7,7.8,3.5
40,20,2.6,7.8,29,77,172,38,15,2.2,7.6,3.4
85,20,2.6,7.9,55,71,185,85,15,3.3,7.7,3.6
59,111,15.4,8.3,44,75,183,60,113,16.3,8.3,3.4
57,109,14.4,7.9,54,65,178,61,106,14.5,7.7,3.8
57,93,12.1,7.8,39,77,179,59,96,12.0,8.0,3.4
10,97,12.9,8.0,60,71,183,15,101,12.6,8.3,4.1
19,20,2.7,8.0,22,77,174,24,23,2.4,8.4,4.0
59,63,8.7,8.3,30,74,184,63,59,8.8,8.2,3.5
26,110,15.2,8.3,36,63,173,27,105,14.7,8.1,4.0
18,41,5.5,8.0,60,78,179,14,47,4.8,8.2,3.9
72,86,11.9,8.3,41,65,181,71,83,12.3,8.7,4.3
20,41,5.5,8.1,44,66,177,22,33,5.2,8.2,4.1
42,24,3.3,8.2,56,65,174,44,32,3.1,8.1,4.0
62,73,10.3,8.5,29,65,180,62,69,11.1,8.8,4.1
10,80,11.5,8.6,32,76,174,13,76,11.1,8.3,4.1
13,52,7.2,8.3,35,79,181,18,52,6.5,8.1,4.4
82,37,5.2,8.5,53,67,175,85,39,5.9,8.6,4.1
76,98,13.6,8.3,22,64,172,74,103,13.8,7.8,4.4
34,77,11.2,8.7,55,72,179,39,81,10.8,8.3,4.4
29,75,10.1,8.1,49,78,183,26,77,10.8,7.9,3.8
50,113,16.2,8.6,43,67,182,46,115,15.7,8.2,4.6
52,53,7.7,8.7,30,64,173,53,52,8.6,9.1,4.2
23,113,16.0,8.5,57,69,180,26,119,16.0,8.3,4.5
77,43,5.8,8.1,46,70,184,72,44,5.8,8.5,3.9
16,17,2.4,8.4,51,80,179,15,20,2.9,8.3,4.4
39,86,11.5,8.0,57,74,176,42,92,12.0,7.8,4.2
53,28,4.0,8.5,60,67,173,53,31,4.5,8.2,4.7
20,20,2.9,8.7,53,64,171,22,28,2.8,8.8,4.4
81,66,9.6,8.7,41,68,180,80,68,9.6,8.7,4.4
5,120,16.8,8.4,57,78,179,10,115,17.8,8.5,4.4
77,49,7.1,8.7,61,78,170,72,56,6.4,8.8,4.7
76,20,3.0,8.9,45,70,174,72,18,2.0,8.7,4.6
81,115,16.7,8.7,34,79,183,76,111,16.7,8.8,4.2
61,38,5.7,9.0,51,73,182,61,41,6.1,9.4,4.9
38,47,6.8,8.7,37,69,185,36,48,7.3,8.9,4.7
74,60,9.0,9.0,52,78,180,73,61,8.2,9.2,4.7
8,53,7.4,8.4,46,67,181,4,56,8.2,8.6,4.5
74,50,7.3,8.8,34,80,176,71,45,7.5,8.9,4.8
15,22,3.1,8.4,54,70,177,17,17,3.5,8.0,4.4
28,77,11.6,9.0,31,78,183,27,79,11.2,8.6,5.0
7,110,16.5,9.0,57,80,177,4,115,17.3,8.7,4.9
40,111,16.8,9.1,46,68,185,35,112,16.9,8.7,5.0
66,83,12.6,9.1,39,80,184,63,91,12.5,8.8,5.1
26,107,14.4,8.1,31,71,184,26,108,14.5,8.4,4.5
44,81,11.1,8.2,61,76,182,49,76,10.5,7.8,4.5
33,65,9.3,8.6,36,71,170,32,67,8.9,8.8,4.7
18,101,14.3,8.5,44,64,177,15,105,14.7,8.9,4.4
81,63,9.0,8.6,40,72,173,78,70,8.3,8.8,5.2
30,118,17.7,9.0,47,80,185,35,112,17.8,9.0,5.0
67,86,12.0,8.4,57,64,173,70,82,11.3,8.8,4.8
60,81,12.2,9.0,34,65,185,62,77,12.2,9.0,4.9
35,66,9.7,8.8,50,63,179,33,60,8.8,8.6,4.6
39,20,2.8,8.5,24,78,172,36,25,2.5,8.9,4.6
72,103,14.6,8.5,45,65,182,72,98,14.0,8.5,5.0
62,54,8.0,8.9,35,63,170,65,59,8.1,9.2,5.1
17,40,5.5,8.3,43,71,174,22,45,5.7,8.7,4.9
79,28,4.0,8.6,36,65,176,83,21,3.5,8.1,5.4
67,33,5.1,9.2,55,64,176,65,35,5.3,9.5,5.1
69,100,14.5,8.7,36,67,179,68,100,13.6,9.1,5.4
9,79,12.4,9.4,32,80,183,14,83,13.0,9.2,5.5
71,39,5.7,8.8,30,75,179,69,40,6.4,8.4,5.1
70,87,12.3,8.5,24,76,183,68,87,11.7,8.6,5.2
27,108,15.7,8.7,44,80,172,28,101,16.4,8.4,5.6
45,42,6.2,8.8,56,78,176,40,40,7.1,9.3,5.5
33,66,9.7,8.8,51,69,177,32,70,9.6,8.9,5.0
63,28,4.2,9.0,44,77,185,63,26,3.9,8.9,5.2
73,49,7.6,9.3,35,63,174,77,54,7.2,9.0,5.4
46,86,12.3,8.6,57,78,177,48,93,12.2,8.8,5.1
85,85,13.2,9.3,29,68,185,85,78,13.9,8.9,5.3
83,33,4.9,8.9,24,76,170,80,25,4.3,8.9,5.7
3,18,2.6,8.8,61,78,185,4,15,1.6,9.0,5.1
58,120,18.4,9.2,39,79,170,55,115,19.2,9.2,5.5
53,50,7.1,8.5,60,74,178,54,56,7.2,9.0,5.3
51,67,9.8,8.8,26,65,171,53,60,10.1,9.0,5.3
8,83,11.9,8.6,48,66,180,12,90,11.4,9.0,5.2
5,56,8.8,9.4,38,68,171,9,52,9.3,9.6,5.7
33,88,13.2,9.0,25,68,179,34,90,13.0,9.2,5.5
58,28,4.2,8.9,26,64,181,54,30,4.4,9.0,5.8
60,116,17.6,9.1,41,71,170,60,120,17.5,9.3,5.7
12,107,15.7,8.8,26,70,179,9,111,16.1,8.9,5.8
3,27,4.3,9.5,41,66,181,5,30,4.8,9.1,5.9
68,87,12.9,8.9,48,80,184,63,81,12.6,8.5,5.4
55,53,8.0,9.0,41,63,182,51,52,8.1,8.7,5.8
66,50,7.3,8.8,29,72,178,63,55,6.9,8.6,5.7
83,108,16.6,9.2,44,70,178,85,106,16.5,8.8,6.0
45,118,17.5,8.9,46,75,180,46,114,17.1,9.0,5.4
43,66,9.9,9.0,51,68,180,48,73,10.8,9.3,6.0
75,30,4.4,8.8,38,74,182,78,27,4.8,8.9,5.7
40,118,18.9,9.6,50,77,176,36,123,19.2,9.2,6.3
51,117,17.2,8.8,37,76,174,55,124,17.4,8.8,5.8
71,105,16.4,9.4,47,74,171,67,100,16.9,9.6,6.3
45,112,17.7,9.5,60,75,171,46,107,16.7,9.3,5.8
53,63,9.7,9.2,54,77,177,58,71,9.0,9.7,6.0
21,30,4.5,9.1,39,65,183,21,36,5.1,9.1,6.0
11,56,8.4,9.0,27,77,184,7,48,9.1,9.1,5.9
73,38,5.7,9.0,31,79,177,76,43,6.6,8.7,6.2
6,66,10.3,9.4,32,76,175,4,72,10.5,9.3,6.0
16,89,14.2,9.6,34,65,178,19,86,13.9,9.3,6.3
53,94,14.4,9.2,52,75,180,53,97,15.1,9.3,5.8
18,56,8.6,9.2,40,67,172,14,53,8.3,8.8,6.4
26,70,10.7,9.2,59,75,174,29,67,10.8,9.2,6.1
4,61,9.3,9.1,41,64,184,2,65,10.2,9.1,5.9
24,78,11.7,9.0,52,77,183,19,77,11.3,8.8,6.2
68,86,12.9,9.0,31,78,184,64,86,13.5,9.3,6.3
57,43,6.5,9.0,23,80,184,62,42,6.1,9.5,6.2
33,31,4.7,9.1,43,77,172,37,34,5.4,9.2,6.3
29,120,19.2,9.6,60,69,174,33,123,19.3,9.7,6.3
15,81,12.2,9.0,39,71,179,16,74,13.2,9.4,6.1
44,107,16.9,9.5,29,67,177,49,111,16.9,9.6,6.1
84,25,4.0,9.5,47,77,182,80,29,4.0,9.3,6.2
77,57,8.7,9.2,44,78,184,73,63,9.0,9.4,6.8
30,70,11.1,9.5,55,69,182,30,71,10.8,9.6,6.7
15,21,3.3,9.5,52,64,180,17,15,2.5,9.9,6.5
19,104,16.8,9.7,21,69,183,18,101,17.5,10.1,6.5
24,63,9.3,8.9,44,65,178,29,64,9.8,9.2,6.2
64,43,6.5,9.1,26,63,173,68,42,6.5,9.0,6.5
19,104,16.1,9.3,42,76,173,17,108,15.3,9.6,6.2
20,64,10.0,9.4,44,67,179,25,60,9.1,9.5,6.3
30,108,17.3,9.6,31,74,184,27,113,17.5,9.5,6.7
52,91,14.1,9.3,27,66,174,53,93,14.7,9.0,6.4
41,100,15.5,9.3,36,63,179,45,108,14.9,9.2,6.8
33,30,4.8,9.6,36,75,185,37,24,4.9,10.1,6.8
56,88,14.1,9.6,41,75,174,61,85,14.6,10.1,7.1
30,49,7.6,9.3,22,63,172,25,53,7.6,9.4,7.0
84,26,4.2,9.6,47,75,183,85,22,3.8,9.4,6.8
53,57,9.1,9.6,34,80,174,58,51,8.7,9.5,6.8
58,27,4.2,9.4,36,70,171,62,20,3.8,9.6,7.2
4,105,16.4,9.4,28,67,170,4,113,16.4,9.7,7.1
18,109,17.6,9.7,44,71,174,13,111,18.2,9.5,6.7
68,74,11.6,9.4,57,78,172,70,71,11.3,9.2,6.6
68,110,16.7,9.1,57,70,173,63,109,15.8,9.0,6.6
56,118,18.9,9.6,32,80,171,54,123,19.7,9.4,7.3
9,80,12.7,9.5,57,66,181,12,73,13.6,9.1,7.3
73,27,4.3,9.6,39,73,179,73,25,3.9,9.9,7.0
66,91,15.3,10.1,36,74,184,64,90,14.6,10.5,7.2
3,58,9.4,9.7,55,63,181,4,59,8.6,9.7,6.7
38,107,16.6,9.3,52,67,171,36,115,16.4,9.7,6.9
84,33,5.5,10.0,26,79,173,80,26,5.4,10.5,7.1
44,105,16.6,9.5,37,75,180,43,104,15.7,9.2,6.9
24,29,4.7,9.8,58,67,173,24,34,3.9,9.7,7.4
18,49,7.8,9.5,49,77,179,23,50,8.5,9.7,7.4
34,107,17.8,10.0,41,65,174,35,115,16.9,9.8,6.9
74,73,12.3,10.1,32,75,170,72,68,12.2,10.4,7.5
28,32,5.3,9.9,21,70,171,28,26,5.5,9.7,7.0
59,98,16.5,10.1,22,69,172,55,100,15.7,10.5,7.5
6,79,12.6,9.6,57,75,183,7,76,12.3,10.0,7.0
82,94,15.4,9.8,49,64,174,85,95,15.4,10.2,7.2
56,33,5.3,9.6,26,75,178,59,32,5.6,9.9,7.4
65,85,13.9,9.8,45,78,181,69,93,13.5,9.6,7.6
38,119,18.4,9.3,59,63,177,40,127,18.1,9.4,7.0
33,100,16.0,9.6,31,70,173,28,99,16.2,10.1,7.2
43,91,15.3,10.1,32,70,175,43,83,15.7,10.0,7.4
42,85,13.6,9.6,30,78,176,37,79,12.7,9.7,7.5
28,94,15.5,9.9,51,73,170,28,91,16.3,10.2,7.1
17,115,19.4,10.1,22,67,174,17,109,19.1,10.5,7.4
20,57,9.8,10.3,27,72,180,21,64,10.1,10.0,7.5
78,101,17.5,10.4,60,70,181,79,102,18.0,10.2,8.0
80,39,6.3,9.7,21,64,182,84,38,6.6,9.3,7.4
43,60,9.7,9.7,42,70,172,39,62,9.6,9.5,7.6
16,116,19.5,10.1,25,71,181,11,120,19.4,10.0,7.5
72,60,9.7,9.7,47,75,185,74,59,9.0,9.3,7.4
16,49,8.0,9.8,39,73,170,13,53,7.3,9.4,8.0
6,106,17.8,10.1,26,78,180,11,103,18.0,10.0,8.1
73,68,11.3,10.0,42,69,176,76,68,11.6,9.8,7.4
49,22,3.5,9.5,46,67,185,45,23,4.1,9.6,7.5
84,37,6.0,9.8,27,69,170,80,44,6.7,9.6,7.8
72,98,16.2,9.9,52,65,178,72,102,15.9,9.8,7.8
75,50,8.0,9.6,50,70,178,80,45,7.2,9.4,7.7
52,23,3.9,10.3,58,80,177,53,30,4.0,10.0,7.9
69,89,15.3,10.3,46,79,171,74,85,14.5,10.6,7.8
8,32,5.3,9.9,31,69,176,13,37,4.7,10.2,7.7
11,109,17.4,9.6,59,73,178,14,113,17.5,10.0,7.7
22,69,11.3,9.8,21,66,183,26,64,12.1,9.9,8.0
52,49,8.2,10.1,39,76,181,56,56,7.3,9.9,7.7
45,66,11.2,10.2,59,64,182,40,73,12.0,10.6,7.8
15,78,13.4,10.3,40,71,179,13,74,13.0,10.5,7.7
85,93,15.3,9.9,41,76,178,85,91,16.1,9.8,8.3
23,81,13.2,9.8,54,64,181,26,85,12.5,10.2,8.1
10,41,6.9,10.1,22,69,175,12,34,7.7,10.3,8.4
6,103,17.0,9.9,50,66,182,8,109,16.4,10.3,8.0
14,49,8.2,10.1,43,68,181,15,42,7.5,10.2,8.3
55,50,8.7,10.4,35,69,177,60,42,8.6,10.0,8.6
42,93,16.0,10.3,21,71,177,47,93,15.8,10.2,8.0
69,54,9.4,10.4,37,77,176,70,49,8.4,10.9,8.1
16,103,17.9,10.4,44,72,179,16,103,18.2,10.8,8.7
33,82,14.3,10.5,40,67,176,37,86,14.6,10.7,8.1
54,69,11.7,10.2,52,71,179,49,67,11.4,10.4,8.5
41,80,14.1,10.6,61,74,185,46,77,13.7,10.6,8.5
14,99,16.7,10.1,56,73,175,12,100,16.5,10.5,8.6
63,31,5.1,9.9,58,77,179,68,25,5.0,9.6,8.3
22,22,3.6,9.9,45,76,179,20,24,3.4,10.0,8.1
26,107,19.1,10.7,50,73,174,28,109,19.4,10.4,8.8
24,42,7.3,10.4,21,71,184,21,49,7.9,10.7,8.6
64,70,11.8,10.1,48,75,183,59,68,12.3,10.6,8.2
3,102,18.0,10.6,54,63,176,1,101,18.4,10.4,8.9
8,24,4.0,10.1,45,68,179,7,30,4.5,10.2,8.3
27,61,10.3,10.1,29,78,180,28,53,9.8,10.3,8.5
7,62,10.4,10.1,22,66,175,12,62,10.9,10.2,8.3
17,22,3.8,10.3,24,63,173,18,17,3.9,10.3,8.7
15,69,12.0,10.4,61,72,170,14,65,11.8,10.8,8.4
16,30,5.2,10.4,60,72,173,20,28,5.8,10.7,8.7
8,36,6.4,10.6,43,72,183,6,43,6.1,10.1,9.1
68,27,4.6,10.2,28,67,185,64,27,4.9,10.2,8.9
25,28,5.1,10.9,37,64,184,24,31,5.7,10.7,9.2
85,33,5.7,10.3,27,63,171,85,39,6.6,10.1,9.0
54,30,5.2,10.5,44,68,180,56,30,5.9,10.7,9.0
10,32,5.8,10.8,47,66,175,7,27,5.6,10.9,8.8
48,115,20.5,10.7,49,75,175,53,111,20.5,10.7,9.1
43,49,8.3,10.2,49,65,171,48,57,8.8,10.3,9.2
34,100,17.5,10.5,42,76,173,39,104,16.8,10.8,9.0
23,98,17.5,10.7,60,63,171,25,105,18.2,10.3,9.3
67,22,3.8,10.3,36,71,180,72,26,3.6,10.0,9.0
60,79,13.7,10.4,57,65,184,62,71,12.9,10.3,9.0
74,81,14.0,10.4,21,72,172,79,87,14.9,10.3,9.1
82,87,15.2,10.5,35,73,184,85,90,15.6,10.1,8.7
84,61,11.3,11.1,35,73,170,83,69,11.0,10.7,9.3
35,29,5.2,10.8,52,76,174,33,24,6.1,10.7,9.4
56,112,19.0,10.2,33,66,180,61,107,19.5,10.2,9.1
70,16,2.9,10.9,53,78,174,73,21,3.6,10.9,9.3
52,29,5.2,10.8,32,67,175,56,31,5.2,10.7,9.2
40,59,10.6,10.8,36,75,178,37,55,10.4,11.0,9.6
30,96,16.8,10.5,40,80,180,34,97,17.2,10.9,9.4
48,113,20.0,10.6,32,66,180,52,118,20.3,11.0,9.0
6,29,5.1,10.6,48,79,170,1,22,4.5,10.9,9.3
40,23,3.9,10.3,39,67,178,43,16,3.6,10.3,9.0
33,65,11.6,10.7,56,80,177,32,58,12.5,10.6,9.4
35,111,19.6,10.6,41,63,171,37,110,20.4,10.8,9.7
60,53,9.3,10.5,58,69,176,65,47,8.7,10.2,9.5
74,51,8.9,10.5,45,76,171,71,51,7.9,10.5,9.4
9,92,17.0,11.1,23,73,174,14,93,17.0,11.2,9.8
11,82,14.9,10.9,41,68,177,8,87,15.0,10.8,9.3
40,62,10.8,10.5,34,73,180,44,70,10.7,10.6,9.4
33,73,13.6,11.2,21,74,173,37,72,14.5,11.4,9.7
39,85,14.6,10.3,28,71,182,42,88,14.6,10.3,9.4
13,81,15.0,11.1,39,73,176,10,73,15.3,10.8,9.5
71,42,7.8,11.1,34,66,183,72,36,8.3,10.8,9.7
9,25,4.4,10.6,42,65,171,8,19,4.5,10.3,9.6
43,71,12.2,10.3,45,75,184,48,66,12.3,10.4,9.4
67,61,10.7,10.5,58,65,171,72,62,10.9,10.3,9.7
23,76,13.9,11.0,45,63,182,20,80,14.5,11.3,10
85,102,18.2,10.7,61,72,174,80,98,17.4,10.2,9.5
47,42,7.5,10.7,55,72,172,52,50,6.8,10.4,9.8
75,39,7.3,11.2,37,66,176,78,45,7.6,10.8,9.8
77,108,19.6,10.9,37,69,173,77,111,18.9,11.1,9.9
65,56,10.0,10.7,60,69,172,69,57,10.4,10.4,9.5
43,16,2.9,10.8,41,68,183,41,21,2.5,10.7,9.9
48,73,13.6,11.2,42,77,185,50,68,13.0,11.3,10.0
83,109,19.4,10.7,29,71,176,79,101,20.1,10.8,10
73,20,3.6,10.8,58,69,182,76,27,3.9,10.4,10
67,75,13.6,10.9,58,67,179,68,78,13.6,11.1,9.8
60,33,5.9,10.7,60,79,175,64,29,6.4,10.7,10
36,24,4.4,10.9,35,70,185,31,22,4.4,11.2,9.9
44,99,17.5,10.6,50,64,171,47,99,18.2,10.4,9.9
4,29,3.0,6.2,26,79,181,6,27,2.0,6.6,0
55,16,1.8,6.8,42,72,175,59,15,2.5,6.2,0
2,32,3.3,6.2,23,71,170,7,38,3.2,6.2,0
61,118,12.2,6.2,40,95,178,69,124,11.6,6.6,0
68,103,11.3,6.6,62,89,184,75,107,10.9,6.8,0
62,132,14.5,6.6,62,67,173,59,130,14.2,6.4,0
24,18,1.9,6.5,50,83,180,27,15,3.4,7.0,0
80,79,8.8,6.7,53,80,169,85,72,8.9,6.3,0.0
58,33,3.4,6.2,50,62,169,58,32,4.8,6.4,0.0
45,81,9.3,6.9,21,66,171,39,82,10.2,7.4,0.3
41,19,2.0,6.2,55,87,188,48,15,1.5,6.5,0.1
53,129,13.3,6.2,61,72,188,49,128,14.0,6.4,0.1
68,65,7.2,6.6,61,95,169,69,77,6.8,7.0,0.6
21,96,11.4,7.1,42,69,184,25,97,10.3,6.6,0.3
54,54,6.4,7.1,43,90,182,46,47,7.5,7.1,0.4
69,29,3.4,7.0,29,94,178,68,35,2.7,6.8,0.3
5,66,8.0,7.3,34,78,178,0,60,8.8,7.3,0.3
29,88,9.4,6.4,22,79,174,31,78,9.5,6.2,0.7
50,79,9.7,7.4,55,92,172,50,89,9.9,7.8,0.8
16,134,15.4,6.9,46,94,175,8,141,15.4,7.0,0.4
58,126,14.1,6.7,28,85,169,63,124,14.9,6.5,0.6
7,119,14.1,7.1,33,86,173,11,123,15.4,6.8,0.3
37,133,14.4,6.5,45,66,179,37,137,13.9,6.9,0.8
13,54,6.4,7.1,24,86,186,15,49,5.7,7.3,0.9
58,137,15.3,6.7,57,77,179,58,135,14.3,7.2,0.4
5,84,9.0,6.4,52,92,172,1,82,10.2,6.8,0.0
76,131,15.1,6.9,23,94,182,77,141,16.5,7.0,0.2
32,127,13.5,6.4,45,66,175,37,126,13.8,6.3,0.4
67,50,5.3,6.4,31,64,174,75,44,6.4,6.2,0.6
56,29,3.4,7.0,39,67,184,56,23,4.7,7.0,0.5
7,30,3.5,7.1,46,90,181,12,34,3.5,6.9,0.7
26,47,4.9,6.2,34,64,175,18,35,4.4,6.1,0.3
23,134,14.1,6.3,36,80,181,24,143,13.6,6.5,0.2
53,44,4.8,6.6,44,91,172,58,44,4.5,6.7,0.7
60,33,4.2,7.7,52,80,169,55,25,5.5,7.2,1.2
45,82,9.0,6.6,60,90,168,43,82,7.8,7.1,0.6
10,110,14.1,7.7,27,82,186,8,110,13.0,7.3,1.1
4,58,6.2,6.4,21,67,173,3,60,5.3,6.3,0.7
11,75,8.0,6.4,24,69,172,4,74,8.9,6.3,0.7
85,59,6.2,6.3,36,89,175,77,56,5.9,6.1,0.5
31,30,3.5,7.0,24,66,169,27,35,4.4,7.4,1.1
53,133,17.3,7.8,62,78,185,56,132,18.3,8.0,0.9
0,56,7.3,7.8,59,84,177,8,68,6.7,7.2,1.2
13,72,8.8,7.3,32,82,187,11,72,7.5,7.5,0.7
83,52,6.4,7.4,43,92,181,80,52,7.1,6.8,0.6
23,62,7.0,6.8,61,74,173,18,58,8.2,6.3,1.2
52,48,5.2,6.5,37,70,179,52,52,6.3,6.9,0.8
81,118,15.3,7.8,28,80,178,82,120,13.8,8.3,1.1
49,123,16.2,7.9,60,90,171,52,132,17.4,7.5,1.3
0,133,16.8,7.6,47,77,174,0,123,16.1,7.2,0.9
3,127,13.5,6.4,45,66,177,7,123,13.9,6.5,0.7
70,92,11.8,7.7,33,81,177,72,80,11.2,7.9,1.1
5,79,9.7,7.4,33,75,181,1,72,9.8,7.6,1.4
72,67,8.8,7.9,25,74,182,77,77,8.4,7.9,1.5
68,21,2.9,8.2,34,90,170,60,15,1.9,8.4,1.5
60,118,14.8,7.5,27,88,169,62,127,15.3,7.1,1.2
19,43,5.7,7.9,27,64,170,15,53,5.1,8.1,1.6
23,124,15.3,7.4,37,88,177,17,112,15.6,7.9,1.2
83,74,8.3,6.7,59,68,187,85,62,9.2,6.5,0.8
21,41,4.5,6.6,62,83,177,14,47,5.4,6.1,1.1
73,45,5.5,7.4,32,66,171,69,49,4.3,7.6,1.5
42,79,9.9,7.5,54,95,175,47,91,9.2,7.7,1.7
6,109,14.2,7.8,32,68,175,2,108,13.1,8.3,1.4
71,114,15.6,8.2,31,73,180,79,122,17.0,7.8,1.6
44,51,6.9,8.1,21,71,183,52,59,5.6,8.0,1.3
81,22,2.8,7.5,51,82,180,85,32,2.3,7.0,1.5
41,62,8.1,7.8,28,84,169,48,73,8.4,8.1,1.3
83,32,3.9,7.3,35,73,169,85,33,2.4,7.5,1.2
39,85,11.5,8.1,29,84,176,42,79,10.4,8.5,1.8
53,81,9.6,7.1,54,93,168,60,71,8.7,7.5,1.0
9,66,7.8,7.1,47,69,183,13,57,6.6,6.7,1.1
8,126,14.9,7.1,32,67,174,14,137,14.7,7.0,1.0
64,137,16.0,7.0,24,81,171,66,136,15.5,6.8,1.0
41,80,8.8,6.6,22,87,182,39,77,8.2,6.4,1.1
4,84,10.6,7.6,51,76,179,0,78,11.2,7.4,1.3
61,75,10.1,8.1,40,74,173,68,83,11.0,8.0,1.6
59,126,17.0,8.1,39,87,170,61,126,17.3,8.2,1.3
65,117,14.2,7.3,24,88,173,65,124,13.6,7.0,1.2
49,90,12.2,8.1,36,67,181,52,92,13.5,8.3,2.0
38,33,4.4,8.0,43,70,186,35,35,3.6,7.7,2.1
39,112,15.9,8.5,39,65,174,37,119,14.9,8.4,1.9
12,21,2.7,7.6,60,82,173,15,15,3.9,7.1,1.9
77,22,2.9,7.9,27,95,185,72,23,2.1,8.4,1.6
51,110,15.0,8.2,49,85,172,58,107,15.7,8.1,1.5
38,45,5.8,7.8,57,74,172,44,49,6.3,7.4,1.3
29,37,4.9,7.9,33,95,173,24,28,3.9,7.7,1.9
81,86,11.2,7.8,61,76,180,85,96,9.9,8.4,1.2
19,46,6.0,7.8,56,79,177,17,34,7.2,8.0,1.5
59,39,4.9,7.5,40,66,183,53,40,3.7,7.6,1.7
16,58,7.4,7.7,22,78,172,22,55,7.4,7.2,1.7
45,140,20.8,8.9,44,76,171,45,136,19.6,9.0,2.3
49,73,8.5,7.0,43,90,179,48,66,8.0,7.2,1.3
54,110,14.5,7.9,30,77,185,51,106,14.1,8.5,2.1
83,103,12.9,7.5,46,89,185,82,106,13.2,7.2,2.2
78,119,14.5,7.3,59,90,179,70,127,14.4,7.3,1.5
34,33,4.2,7.6,36,78,168,31,42,5.4,7.9,2.1
51,116,15.1,7.8,29,79,173,44,116,14.4,7.9,1.7
56,45,6.7,8.9,41,66,172,57,35,5.7,9.4,2.2
5,95,11.6,7.3,50,92,185,1,97,10.8,7.6,1.9
16,124,17.8,8.6,23,85,187,15,112,16.5,8.8,2.0
81,53,7.6,8.6,53,93,183,83,53,8.0,9.0,2.0
66,100,14.2,8.5,34,64,174,67,96,13.6,8.9,2.0
19,47,5.9,7.5,46,70,178,22,55,5.5,7.2,2.1
72,94,11.8,7.5,24,85,168,76,105,11.3,7.8,2.2
52,98,12.1,7.4,61,81,174,53,92,11.4,7.5,1.7
65,63,8.6,8.2,37,93,188,62,65,7.3,8.2,2.1
46,101,13.0,7.7,61,65,181,53,109,12.5,7.4,1.8
31,49,6.4,7.8,35,70,173,39,49,5.5,7.7,1.9
85,138,16.8,7.3,61,76,186,78,141,15.9,7.1,1.7
48,99,14.5,8.8,56,81,170,45,105,14.0,8.7,2.1
55,39,5.4,8.3,58,64,186,61,49,5.4,7.8,2.1
12,36,4.6,7.7,24,66,180,10,32,5.4,7.4,2.3
61,43,5.7,7.9,23,94,170,57,53,7.1,7.5,2.2
54,30,4.0,7.9,58,77,187,48,39,5.0,8.2,2.5
68,90,11.8,7.9,25,90,172,64,85,10.8,7.6,2.4
30,28,3.8,8.2,38,81,187,30,27,5.2,8.7,2.7
8,118,16.1,8.2,53,62,177,8,108,16.7,8.5,1.9
42,63,9.4,9.0,54,77,180,40,68,8.0,8.9,2.5
60,131,18.1,8.3,24,68,171,68,141,18.8,8.3,2.6
72,32,4.4,8.2,34,71,179,73,28,5.7,7.7,2.8
33,25,3.4,8.2,26,94,176,39,23,3.3,7.7,2.4
71,84,12.0,8.6,60,81,185,78,92,13.3,8.8,2.1
82,116,16.8,8.7,31,76,174,76,106,17.9,8.7,2.9
68,57,8.3,8.7,36,81,180,68,66,8.6,9.2,2.4
16,103,13.9,8.1,54,90,171,21,95,15.4,8.7,2.7
31,118,15.7,8.0,28,70,176,32,116,17.0,7.6,2.7
67,129,17.8,8.3,26,65,175,72,141,16.4,8.7,2.5
69,101,14.0,8.3,35,91,177,63,95,14.5,8.0,2.9
36,39,5.1,7.9,40,82,172,39,34,5.8,7.8,2.6
79,80,10.3,7.7,31,80,168,78,82,11.2,7.6,2.5
0,44,6.5,8.8,24,90,175,3,41,5.4,9.2,2.4
58,113,17.5,9.3,57,66,170,50,118,16.4,8.9,3.1
66,123,16.8,8.2,56,77,185,60,118,16.7,8.2,3.1
53,39,6.0,9.3,54,71,184,48,27,7.4,9.7,3.0
80,92,12.9,8.4,34,86,188,85,98,11.9,7.8,2.8
51,18,2.6,8.8,39,93,173,53,25,4.0,8.8,2.4
28,114,17.3,9.1,39,69,172,35,124,16.0,8.9,2.8
84,79,10.9,8.3,22,81,174,85,81,12.0,8.0,2.5
13,60,8.5,8.5,56,86,187,11,49,9.3,8.2,2.4
52,49,6.9,8.4,54,73,174,49,55,6.3,7.9,2.9
50,101,14.0,8.3,26,82,168,53,107,13.9,8.1,2.6
23,139,22.0,9.5,52,64,180,28,148,21.1,9.0,3.1
83,93,14.7,9.5,21,65,181,78,88,14.3,9.3,3.1
21,84,12.5,8.9,57,69,173,14,81,12.2,8.6,3.1
10,109,17.1,9.4,55,71,169,4,114,17.2,9.1,3.0
5,82,11.6,8.5,53,74,187,5,80,10.9,8.6,3.3
52,140,18.9,8.1,33,91,174,49,136,18.9,8.0,2.6
25,20,3.0,9.1,39,82,184,28,30,2.5,8.9,3.4
81,30,4.5,9.0,44,61,187,78,28,4.5,8.7,3.0
69,106,15.9,9.0,36,80,183,68,104,16.7,9.2,2.8
7,78,11.4,8.8,48,93,179,2,78,11.5,8.9,2.9
15,52,7.0,8.1,52,79,170,22,51,7.5,7.7,2.8
9,61,8.7,8.6,25,75,188,14,50,10.1,8.8,2.9
20,82,11.1,8.1,36,75,169,12,87,11.9,8.7,2.7
48,77,10.8,8.4,23,77,185,50,66,12.1,8.0,2.8
8,127,20.3,9.6,28,79,176,2,115,20.6,9.7,3.5
6,74,10.1,8.2,49,73,184,0,82,11.2,7.8,3.0
10,113,18.3,9.7,33,76,174,3,113,18.4,9.7,3.4
62,69,10.6,9.2,40,64,170,61,60,10.4,9.3,3.1
45,33,4.6,8.4,45,71,178,38,45,5.5,8.7,3.2
47,84,12.5,8.9,50,68,184,54,90,12.7,9.4,3.5
48,110,17.6,9.6,32,73,181,56,107,18.4,9.4,3.6
60,89,13.5,9.1,53,67,183,64,79,12.7,8.8,3.7
54,89,14.1,9.5,34,70,185,61,101,15.4,9.1,3.5
50,27,3.9,8.7,49,81,169,52,20,4.3,9.2,2.8
42,62,9.0,8.7,27,66,172,40,69,10.0,8.8,2.9
33,53,7.5,8.5,34,62,185,37,49,8.7,8.6,3.3
59,95,15.2,9.6,27,67,171,52,107,14.8,9.3,3.5
15,70,10.6,9.1,60,70,170,7,79,9.6,9.2,3.8
74,61,9.3,9.1,56,71,176,80,57,7.9,9.1,3.6
32,118,17.5,8.9,24,81,174,34,116,18.3,8.8,3.3
52,122,17.9,8.8,42,66,177,52,127,18.3,8.9,3.1
6,46,7.6,9.9,37,76,179,9,55,8.5,9.3,3.9
16,24,3.5,8.7,30,60,188,22,17,4.8,8.2,3.4
66,93,14.6,9.4,53,60,169,63,102,15.1,8.9,3.2
4,123,19.5,9.5,33,65,183,11,131,20.4,9.3,3.2
53,122,18.1,8.9,26,72,186,46,111,18.5,9.1,3.3
85,133,20.6,9.3,38,77,186,78,136,21.5,9.5,3.6
30,62,9.4,9.1,45,70,168,33,54,10.0,8.5,3.4
83,111,17.8,9.6,49,75,168,85,104,18.6,9.5,4.1
46,84,13.7,9.8,44,75,187,49,94,14.9,9.9,3.7
84,51,8.0,9.4,55,76,178,82,63,8.3,9.5,4.0
78,115,18.0,9.4,32,63,178,78,105,18.8,9.2,3.2
45,51,7.1,8.3,60,77,173,45,41,8.5,8.4,3.3
78,110,16.3,8.9,47,61,169,72,114,17.7,9.0,3.3
60,48,6.8,8.5,29,66,186,63,60,5.3,7.9,3.4
57,90,14.4,9.6,52,63,188,59,85,14.8,9.4,3.8
85,49,7.1,8.7,48,67,181,85,53,6.4,9.3,3.5
17,26,4.2,9.6,39,70,175,12,23,2.9,9.2,4.0
31,108,18.0,10.0,52,80,171,35,98,19.0,9.5,3.7
48,41,6.6,9.6,46,77,170,55,47,7.3,9.9,3.6
9,77,13.1,10.2,48,73,179,16,74,13.7,9.9,4.3
0,54,8.6,9.5,50,75,184,8,51,10.1,9.5,4.0
4,49,7.0,8.6,45,78,170,0,46,7.1,8.3,3.5
26,106,16.8,9.5,59,61,184,20,108,15.6,9.3,3.5
9,25,3.7,8.8,44,65,182,2,36,2.7,8.6,3.5
37,25,3.8,9.1,28,70,174,31,16,4.1,8.8,3.4
25,71,12.1,10.2,46,79,182,26,62,12.4,10.6,4.2
48,70,11.3,9.7,29,61,188,53,62,10.9,9.6,3.8
58,39,6.5,10.0,58,75,174,62,51,6.0,9.8,4.1
50,49,8.1,9.9,44,68,186,58,42,9.2,9.6,3.9
61,37,6.0,9.7,29,67,185,60,40,6.0,9.5,4.4
74,119,19.4,9.8,49,75,178,69,115,20.4,9.9,3.8
6,46,7.6,9.9,35,79,184,3,41,7.4,9.6,4.2
69,119,19.6,9.9,51,78,168,71,111,18.9,10.1,4.3
0,57,9.4,9.9,42,67,179,0,56,8.0,9.6,4.5
15,48,7.6,9.5,60,64,172,22,58,7.7,10.1,4.5
72,47,8.1,10.4,41,80,173,79,54,6.6,10.7,4.4
58,70,11.2,9.6,61,78,174,54,72,10.6,9.1,4.3
31,107,17.1,9.6,56,73,178,27,102,18.4,9.3,4.2
8,138,21.9,9.5,21,76,178,15,134,22.6,9.6,4.6
50,101,17.3,10.3,62,81,173,54,97,18.6,10.4,4.4
1,117,19.7,10.1,41,69,185,0,116,20.8,10.5,4.1
49,123,20.3,9.9,39,62,172,45,117,21.1,10.5,4.6
4,121,20.6,10.2,60,77,180,6,131,20.4,10.5,4.3
49,103,18.0,10.5,52,67,168,48,94,17.8,10.8,4.8
41,119,20.4,10.3,32,68,186,38,126,21.8,10.0,4.6
26,133,21.1,9.5,50,82,171,21,121,22.4,10.0,3.9
71,39,5.9,9.1,42,66,181,67,34,6.8,9.1,4.2
16,44,7.0,9.6,62,66,172,15,39,7.9,9.7,3.9
4,22,3.6,9.8,53,69,188,11,32,4.3,10.4,4.8
21,140,24.5,10.5,22,68,172,27,141,24.6,10.5,4.5
13,65,10.8,10.0,51,78,179,6,61,10.8,10.4,4.0
29,129,21.3,9.9,21,65,181,25,120,22.2,9.9,4.8
73,31,5.0,9.7,39,62,179,68,25,4.5,10.2,4.4
72,117,20.5,10.5,29,63,186,73,119,20.3,10.8,4.8
50,85,13.7,9.7,49,64,172,44,87,12.4,9.1,4.1
33,136,20.9,9.2,46,77,169,41,129,21.2,8.8,4.3
52,99,15.8,9.6,57,79,184,51,97,15.0,10.2,4.5
17,109,17.1,9.4,40,78,186,12,103,15.8,9.1,4.6
52,28,4.4,9.4,61,76,173,59,22,4.2,9.7,4.2
47,25,4.7,11.2,24,60,169,54,17,5.5,10.8,5.1
24,56,10.3,11.0,45,77,169,20,58,11.6,10.9,5.0
66,28,4.7,10.0,44,60,187,65,28,4.1,9.8,4.5
81,122,19.9,9.8,24,69,174,83,130,18.4,9.9,4.6
48,29,4.7,9.8,57,80,169,51,19,3.6,10.4,4.2
27,52,8.5,9.8,42,61,179,26,58,7.9,10.3,4.3
8,43,7.5,10.5,50,75,183,12,34,8.4,10.6,4.3
52,83,14.0,10.1,38,62,179,47,90,15.2,10.4,5.0
65,70,12.4,10.6,32,75,172,59,59,12.2,10.4,4.7
58,112,18.5,9.9,45,70,187,62,105,19.5,9.9,4.7
6,41,7.2,10.6,24,70,169,10,44,8.3,10.4,4.5
77,16,2.6,9.7,54,69,185,73,28,1.5,9.8,4.6
38,122,20.9,10.3,21,64,169,39,112,20.1,9.7,4.8
15,73,13.4,11.0,53,71,187,20,74,13.8,10.7,5.2
25,107,20.2,11.3,23,71,188,18,111,18.8,11.5,5.3
13,59,9.3,9.5,29,73,170,19,71,8.6,10.0,4.5
75,79,14.0,10.6,40,69,182,67,88,14.1,10.9,4.9
28,140,24.3,10.4,61,60,171,29,140,25.6,10.1,5.2
25,70,11.7,10.0,49,63,178,23,63,10.7,10.4,4.6
29,105,19.1,10.9,45,77,168,23,117,20.5,11.2,5.1
27,101,16.3,9.7,29,69,188,28,106,17.5,9.5,4.6
46,87,16.2,11.2,21,76,173,45,94,15.9,10.9,5.4
2,103,18.0,10.5,40,62,185,2,103,16.6,10.7,5.0
23,26,4.5,10.4,39,82,181,20,33,3.1,9.8,4.7
58,18,2.9,9.5,28,68,176,65,20,4.2,9.9,4.7
24,128,23.5,11.0,21,81,181,29,125,23.5,11.4,5.4
18,54,9.3,10.3,36,70,178,20,46,7.8,9.8,5.0
12,85,15.0,10.6,57,60,187,17,78,14.7,10.6,5.4
1,64,10.9,10.2,35,63,168,1,64,10.4,10.4,5.2
53,67,11.6,10.4,55,76,175,59,76,12.0,10.5,5.2
3,101,17.2,10.2,31,65,180,0,107,16.5,9.9,5.2
15,42,7.6,10.8,22,81,169,10,54,6.7,10.6,5.3
72,69,11.6,10.1,26,67,183,79,62,10.2,9.8,5.3
52,95,16.6,10.5,62,73,174,58,104,16.9,10.0,5.0
68,62,11.0,10.6,38,61,183,65,59,12.2,11.2,5.2
37,128,22.2,10.4,58,75,168,37,125,20.8,10.4,5.0
25,24,4.6,11.4,23,77,175,25,17,4.2,11.7,5.8
39,57,10.3,10.8,30,60,185,35,46,10.0,10.6,5.5
35,38,7.2,11.4,38,63,183,31,30,6.8,11.8,5.6
52,65,11.2,10.3,32,61,173,50,77,10.3,9.9,5.2
13,80,13.5,10.1,30,62,174,10,80,14.7,9.6,5.3
57,107,18.7,10.5,52,82,173,62,119,19.3,10.2,5.9
37,40,7.7,11.6,23,75,185,37,51,8.5,11.7,5.8
20,25,4.9,11.7,33,69,183,26,19,4.7,11.8,5.9
85,108,18.7,10.4,41,68,180,85,109,18.1,9.9,5.2
39,39,6.8,10.4,39,62,178,44,47,6.0,10.9,5.8
14,117,20.3,10.4,41,82,184,13,110,19.0,10.6,5.6
52,42,7.4,10.6,45,80,187,45,43,8.4,10.2,5.8
50,28,5.1,10.9,28,74,180,44,29,5.4,10.6,5.4
45,131,21.8,10.0,52,75,174,38,136,22.0,10.3,5.4
81,84,14.1,10.1,22,78,168,80,81,14.3,10.2,5.2
74,99,17.7,10.7,50,78,169,81,100,17.5,10.1,5.8
9,123,23.2,11.3,34,74,186,15,126,22.3,11.1,6.0
40,59,10.3,10.5,52,61,168,40,54,11.0,10.8,5.3
11,102,20.1,11.8,45,74,186,7,106,20.8,12.2,6.0
84,112,21.1,11.3,25,72,187,84,107,21.8,11.7,6.0
46,22,4.4,12.0,54,75,173,54,25,5.8,12.0,6.2
54,79,14.0,10.6,48,60,169,53,67,13.1,10.3,6.0
85,56,9.7,10.4,24,66,170,78,59,10.2,10.6,5.7
14,64,12.3,11.5,42,76,182,13,63,12.8,11.9,5.5
2,112,21.5,11.5,57,60,184,0,114,21.7,11.2,6.1
25,50,8.8,10.5,43,78,168,26,38,8.8,10.8,6.0
43,73,13.3,10.9,34,60,185,38,85,14.2,10.8,5.4
14,24,4.3,10.7,55,81,176,16,29,5.3,10.5,5.9
37,42,7.2,10.3,56,66,175,32,37,6.3,10.3,5.6
64,92,16.4,10.7,57,61,171,56,85,17.1,10.6,5.9
8,100,18.3,11.0,45,74,175,15,102,17.3,11.1,6.4
43,53,9.5,10.8,43,60,188,38,56,8.4,11.4,5.9
10,17,3.1,11.1,51,77,187,13,20,4.2,11.0,6.2
12,72,13.3,11.1,32,65,178,11,84,13.7,10.7,6.4
33,43,8.4,11.7,40,68,171,39,48,7.1,11.3,5.7
35,58,11.0,11.4,31,76,177,40,50,11.7,11.0,6.0
3,110,19.8,10.8,61,71,185,10,121,18.5,10.9,5.7
18,73,14.0,11.5,23,65,177,14,71,12.9,11.8,6.1
15,111,22.2,12.0,30,64,183,18,118,22.1,12.0,6.2
0,21,4.2,12.0,52,62,178,0,24,4.5,12.3,6.4
41,79,14.7,11.2,27,67,180,33,80,16.0,11.4,6.1
59,107,21.0,11.8,40,70,184,53,112,21.4,11.6,6.2
18,83,16.6,12.0,59,65,182,13,87,16.0,12.6,6.3
9,104,20.6,11.9,59,73,178,16,109,20.6,11.7,6.1
56,125,22.1,10.6,45,79,171,49,119,23.6,10.9,6.0
65,85,17.0,12.0,47,60,180,61,76,17.8,12.3,6.2
62,73,14.1,11.6,45,75,182,57,62,14.3,11.4,6.7
56,57,11.3,11.9,36,66,175,56,62,11.2,11.6,6.7
39,20,3.6,10.9,44,62,182,43,21,3.8,10.4,5.8
72,110,20.4,11.1,24,78,180,77,117,19.6,11.5,6.2
2,86,16.1,11.2,39,65,173,3,76,15.0,11.5,6.7
13,46,8.4,11.0,60,68,172,17,47,7.1,11.3,6.3
74,48,9.6,12.0,37,78,184,68,58,10.7,11.4,6.7
19,23,4.7,12.2,47,62,188,14,32,5.4,11.9,6.5
17,47,9.4,12.0,52,78,177,11,39,10.0,12.4,6.5
12,113,22.0,11.7,43,63,170,8,124,21.0,11.5,6.1
80,18,3.6,11.9,61,71,173,82,25,4.9,12.5,6.8
18,135,25.4,11.3,59,74,175,21,142,25.3,10.8,6.2
49,21,4.3,12.4,34,64,174,54,16,3.9,12.8,6.9
54,67,13.6,12.2,36,74,180,50,61,14.4,11.9,6.9
55,127,23.7,11.2,43,60,170,52,122,23.5,11.2,6.2
76,81,15.0,11.1,56,77,184,83,77,13.5,11.3,6.6
76,34,6.4,11.3,37,67,186,79,31,7.8,10.8,7.0
74,138,27.1,11.8,44,82,181,76,136,27.9,12.1,6.1
85,84,17.5,12.5,49,70,181,83,75,16.7,12.5,7.0
48,55,11.2,12.2,28,62,170,53,43,12.1,11.9,7.1
50,40,8.1,12.2,62,63,186,47,39,8.0,12.1,6.5
46,73,14.5,11.9,53,72,183,51,70,15.8,11.9,6.7
2,134,24.8,11.1,34,64,182,9,129,24.4,11.2,6.5
41,28,5.3,11.4,29,81,181,42,28,6.1,11.2,6.9
16,42,8.5,12.1,39,75,187,14,51,7.9,12.2,6.3
15,89,17.2,11.6,43,64,178,13,78,17.8,12.1,7.2
7,76,13.8,10.9,24,69,171,0,71,12.7,11.2,6.4
8,117,24.4,12.5,29,82,180,2,105,23.9,12.6,7.0
42,55,10.4,11.4,57,70,171,49,65,11.3,11.6,6.6
11,101,21.4,12.7,51,81,188,3,110,20.7,12.7,7.3
0,108,21.4,11.9,51,65,169,4,99,22.4,12.0,7.3
67,136,28.1,12.4,35,79,172,68,138,29.4,11.9,6.6
48,76,15.6,12.3,23,77,180,54,87,17.1,12.7,7.0
3,33,6.8,12.3,54,69,186,0,43,6.0,12.5,7.0
29,120,23.2,11.6,36,73,176,28,122,22.5,12.0,7.3
66,43,8.4,11.7,50,61,180,66,51,8.8,11.8,6.9
24,53,10.3,11.7,32,82,174,16,55,9.0,12.0,7.4
16,111,23.7,12.8,59,60,169,22,109,24.6,12.5,7.5
6,57,12.3,12.9,46,82,173,1,49,12.4,12.8,7.4
18,124,25.0,12.1,47,69,178,10,113,24.5,11.9,7.0
9,55,10.7,11.7,50,73,170,6,59,11.8,11.5,6.8
50,80,16.9,12.7,31,72,169,44,75,17.7,12.6,7.4
40,127,24.3,11.5,34,82,187,42,132,23.4,11.4,6.6
3,61,12.3,12.1,36,64,182,4,55,12.6,12.3,7.0
13,117,24.0,12.3,38,69,184,16,115,24.7,11.9,6.8
64,112,23.1,12.4,36,61,179,58,109,21.9,11.9,7.4
39,22,4.7,12.7,35,61,188,34,15,5.8,12.4,7.3
56,50,10.6,12.7,51,75,174,56,38,9.6,13.2,7.6
62,126,25.8,12.3,31,70,170,54,115,25.1,12.2,7.7
33,16,3.5,13.0,22,78,174,29,25,2.4,13.6,7.6
73,130,26.6,12.3,37,67,179,71,128,25.4,12.3,6.8
18,63,13.1,12.5,43,82,185,19,72,13.6,13.1,7.2
30,103,20.1,11.7,43,65,185,22,106,20.3,11.9,7.4
25,44,8.5,11.6,52,78,180,31,35,7.3,11.1,7.3
11,78,15.2,11.7,37,61,187,5,67,16.4,11.8,7.2
53,91,19.6,12.9,41,81,170,56,90,20.7,12.6,7.6
37,85,18.6,13.1,21,75,174,37,85,18.3,12.8,7.8
39,45,9.0,12.0,44,60,188,33,52,7.9,12.2,7.0
71,35,7.3,12.6,27,82,168,63,25,5.9,12.8,7.3
35,118,25.2,12.8,35,63,173,43,107,24.1,12.4,7.2
19,113,24.7,13.1,22,76,175,13,120,25.1,12.6,7.5
74,74,15.3,12.4,62,66,177,70,66,14.9,12.7,7.4
82,44,9.5,12.9,32,67,184,85,56,10.9,12.5,7.7
49,19,3.8,12.0,37,75,188,46,15,3.4,11.5,7.4
16,127,26.0,12.3,62,80,179,12,125,26.8,12.1,7.3
38,113,24.5,13.0,56,67,187,42,112,23.4,13.0,7.7
36,24,5.2,13.0,46,61,173,36,29,5.5,13.4,7.5
69,113,25.0,13.3,55,80,176,61,107,25.7,13.6,7.9
40,101,20.4,12.1,24,70,182,44,112,19.2,11.7,7.3
31,135,27.7,12.3,62,76,172,39,124,28.5,12.9,7.2
43,57,12.1,12.7,42,71,177,46,59,12.0,12.3,7.4
61,106,22.3,12.6,52,75,175,65,103,20.9,12.1,7.6
61,92,20.5,13.4,46,71,177,60,94,19.5,13.4,8.1
45,37,7.9,12.8,21,66,187,51,30,8.8,13.0,7.9
18,71,15.0,12.7,50,74,180,19,67,15.8,13.3,7.4
74,109,23.8,13.1,30,79,172,77,113,24.0,13.0,7.6
35,82,17.5,12.8,56,79,176,42,76,19.0,13.3,7.7
68,140,30.8,13.2,21,80,177,61,137,30.9,13.6,8.1
11,127,26.5,12.5,59,66,169,8,133,26.1,12.9,7.4
55,89,17.9,12.1,51,77,170,61,91,17.1,12.0,7.7
33,119,25.4,12.8,54,73,179,27,117,24.0,13.0,8.4
11,79,16.2,12.3,33,70,169,7,70,14.8,12.4,7.9
50,121,24.0,11.9,49,73,176,43,112,23.0,12.1,7.5
34,94,19.4,12.4,40,77,174,37,86,20.4,11.9,7.6
14,39,8.7,13.4,49,64,171,20,48,7.3,13.3,8.2
35,61,13.8,13.6,45,75,185,35,65,14.4,13.5,8.1
59,37,7.7,12.5,24,66,175,57,43,7.6,12.2,7.7
16,117,25.0,12.8,53,66,184,18,123,25.3,12.6,8.4
46,121,27.6,13.7,33,82,187,38,126,28.5,13.1,8.4
2,134,27.7,12.4,29,76,186,0,139,27.6,11.9,8.2
76,106,22.6,12.8,42,78,187,69,108,22.2,13.0,8.0
35,88,18.5,12.6,56,60,186,41,86,19.9,13.1,8.2
46,39,8.7,13.4,29,63,184,40,41,8.6,13.9,8.2
51,129,27.1,12.6,49,65,168,54,122,26.5,12.8,8.4
3,65,14.3,13.2,56,70,171,8,76,14.2,13.4,7.9
72,71,15.1,12.8,42,82,172,66,73,15.2,12.5,8.4
0,67,14.9,13.3,29,68,173,5,65,16.1,13.6,8.3
43,86,18.3,12.8,24,66,186,48,76,17.3,12.9,8.4
47,123,27.1,13.2,46,66,180,48,122,28.1,13.3,8.2
11,139,32.2,13.9,30,64,171,7,134,32.5,13.3,8.6
13,135,27.4,12.2,35,76,171,7,134,27.2,12.2,7.8
76,56,11.5,12.3,62,81,178,78,44,11.1,12.1,8.1
60,99,22.8,13.8,28,66,173,67,100,23.7,14.0,8.4
72,115,25.1,13.1,21,76,179,68,106,24.1,13.1,8.0
82,92,18.7,12.2,51,75,175,85,99,17.2,12.7,8.1
61,87,18.0,12.4,27,71,173,54,81,17.8,12.7,8.3
62,55,12.5,13.6,59,61,180,54,44,12.8,13.3,8.8
43,77,16.7,13.0,51,69,185,45,86,17.1,13.6,8.6
21,137,29.9,13.1,55,79,177,22,134,28.6,13.4,8.5
59,95,22.0,13.9,47,62,169,66,87,21.1,13.6,8.8
25,32,7.1,13.3,56,78,182,23,26,7.6,13.2,8.3
77,36,7.9,13.1,43,78,171,69,35,9.2,13.2,8.2
21,47,11.0,14.1,41,74,179,21,35,10.4,14.5,8.9
22,68,15.2,13.4,47,61,183,17,61,14.3,13.3,9.0
51,53,12.1,13.7,32,67,185,44,47,12.0,13.7,8.9
71,42,8.6,12.3,25,67,174,77,34,8.3,12.1,8.2
73,36,8.1,13.5,47,62,181,68,32,8.6,13.5,9.0
66,78,17.6,13.5,50,78,183,68,88,16.7,13.7,8.9
27,62,14.3,13.8,62,81,186,23,62,14.0,13.7,8.7
61,74,17.1,13.9,34,70,185,55,77,16.2,14.3,9.0
75,67,14.2,12.7,40,65,182,73,76,13.1,12.3,8.4
57,87,19.9,13.7,44,80,173,53,96,19.5,14.0,8.8
76,30,6.7,13.3,62,79,179,80,35,6.5,13.9,8.8
47,125,29.0,13.9,26,75,168,54,128,29.6,14.2,9.1
78,59,13.3,13.5,38,60,168,77,62,14.3,13.5,8.3
5,49,10.7,13.1,52,82,168,6,53,11.0,12.6,8.7
46,102,22.8,13.4,39,75,177,47,103,23.7,12.9,8.8
39,29,6.7,13.9,37,71,186,46,33,8.1,14.2,9.3
30,136,31.1,13.7,34,65,177,23,148,32.0,13.9,8.6
65,51,11.9,14.0,47,82,187,66,41,12.3,14.0,9.3
43,60,13.7,13.7,53,67,169,36,64,13.9,14.1,8.6
6,28,5.8,12.5,59,69,184,14,35,5.3,12.1,8.5
4,56,13.3,14.2,61,68,170,5,49,12.3,14.4,9.1
66,139,30.8,13.3,32,61,179,58,148,29.6,13.4,9.4
0,33,7.6,13.8,24,75,179,1,22,8.0,14.1,8.8
25,78,17.8,13.7,51,70,174,28,86,18.5,13.1,8.9
16,123,26.9,13.1,61,62,186,15,131,25.9,13.4,9.2
34,22,5.1,13.9,24,63,188,34,34,5.7,13.4,8.7
5,100,24.0,14.4,36,61,168,0,103,24.2,14.2,9.5
11,110,25.7,14.0,22,64,168,19,117,24.3,14.3,9.1
45,64,14.5,13.6,53,64,174,46,70,14.9,14.2,9.0
31,32,7.3,13.7,43,82,186,35,29,6.2,13.4,9.5
66,87,19.1,13.2,56,76,185,70,87,19.5,13.2,9.1
38,95,20.7,13.1,31,74,187,41,103,20.0,13.3,9.2
18,119,28.0,14.1,39,76,178,24,107,29.0,14.5,9.1
36,116,27.1,14.0,33,64,183,28,105,26.1,13.8,8.8
40,39,9.4,14.5,31,68,181,37,30,10.8,14.1,9.4
79,108,25.6,14.2,57,75,171,85,111,24.9,13.7,9.1
43,28,6.7,14.4,43,75,168,35,24,7.6,14.2,9.7
65,113,27.5,14.6,55,70,188,62,108,27.9,14.5,9.6
65,33,7.3,13.3,36,63,171,72,24,6.7,13.4,9.0
43,78,17.8,13.7,40,74,170,35,69,18.8,14.2,9.5
21,105,24.7,14.1,56,79,179,23,108,26.1,14.5,9.7
32,112,25.6,13.7,24,63,184,38,121,25.0,13.7,9.8
27,77,17.3,13.5,35,62,181,26,86,18.3,13.2,9.1
8,58,12.8,13.2,48,63,168,14,51,13.8,12.8,9.2
11,81,19.3,14.3,38,78,174,6,74,20.4,13.9,9.0
76,83,19.2,13.9,48,80,187,80,90,19.5,14.4,9.1
67,90,21.0,14.0,33,60,175,59,91,19.6,14.1,9.6
48,103,24.2,14.1,44,68,172,49,110,25.0,13.7,9.9
30,121,28.6,14.2,49,82,172,27,114,27.8,13.6,9.2
10,94,22.7,14.5,30,81,168,17,100,21.2,14.5,9.9
68,21,4.8,13.8,35,66,176,64,15,4.6,13.4,9.9
15,74,16.9,13.7,34,73,188,13,80,18.1,14.0,9.8
67,18,4.3,14.3,45,79,172,74,30,4.9,13.9,9.8
42,42,10.4,14.8,39,78,186,45,41,11.7,14.5,9.9
20,115,26.8,14.0,24,78,188,12,103,28.0,14.4,9.5
43,120,28.4,14.2,52,62,171,45,115,29.7,13.8,9.9
43,34,8.3,14.6,39,62,180,38,38,7.0,14.3,9.9
19,111,25.2,13.6,60,72,179,23,102,25.9,13.2,9.2
2,124,27.3,13.2,57,75,178,9,122,26.5,13.2,9.2
32,42,10.3,14.7,34,68,171,34,42,11.1,14.5,10
63,105,24.1,13.8,51,71,184,58,112,24.5,13.6,9.8
37,62,15.2,14.7,55,82,171,39,62,15.2,14.5,9.5
67,137,33.6,14.7,21,74,178,59,129,32.1,14.5,9.8
81,103,23.3,13.6,36,76,187,75,104,22.7,13.8,9.5
40,50,11.9,14.3,30,61,174,44,51,10.4,14.1,9.3
49,113,26.0,13.8,38,73,180,42,104,24.6,13.6,9.8
31,85,20.3,14.3,61,68,176,34,85,19.9,13.7,10
35,63,15.0,14.3,34,76,185,33,70,15.1,14.0,10
30,41,10.0,14.7,40,74,175,37,52,8.8,14.4,9.9
0,17,3.9,13.8,48,81,175,2,20,2.9,13.9,10
11,105,25.4,14.5,58,71,178,18,105,25.8,14.5,9.9
53,21,5.0,14.2,25,78,183,50,31,4.8,13.7,10
7,79,19.5,14.8,23,76,183,13,78,20.9,14.5,10
10,69,17.0,14.8,36,64,184,8,78,18.4,14.5,9.9
43,24,5.9,14.8,23,64,175,41,26,6.0,14.5,10
5,46,4.6,6.0,29,84,175,4,50,3.0,6.0,0
23,60,6.7,6.7,24,89,183,15,74,7.0,6.6,0
36,41,4.4,6.4,49,89,169,36,36,6.0,7.0,0
75,95,9.5,6.0,35,90,173,84,93,8.5,6.0,0
9,123,13.7,6.7,44,95,182,8,122,14.7,7.3,0
61,38,3.8,6.0,41,73,188,54,32,4.9,6.4,0
69,123,15.2,7.4,37,77,176,72,122,16.6,7.9,0.6
47,21,2.3,6.7,40,71,172,50,15,2.0,7.4,0.3
55,116,11.6,6.0,51,91,173,58,106,10.3,6.3,0
17,63,7.5,7.1,44,83,169,24,64,7.4,6.7,0.3
60,95,9.8,6.2,24,93,179,61,104,9.9,6.0,0.5
80,44,5.1,7.0,58,77,174,80,39,3.9,6.3,0
21,100,11.2,6.7,22,95,184,27,85,9.8,6.5,0
20,71,7.1,6.0,48,75,180,27,74,8.9,6.0,0
50,36,4.3,7.1,50,86,173,47,23,5.6,7.7,0.8
20,145,15.7,6.5,42,94,186,10,148,16.2,6.4,0.7
22,61,6.5,6.4,39,85,173,17,52,6.4,6.3,0.2
77,113,12.6,6.7,42,90,175,77,114,11.6,6.9,0
79,75,8.9,7.1,38,83,182,77,65,10.6,7.6,0.6
68,136,16.5,7.3,30,94,175,59,129,17.8,7.4,0.7
6,107,12.3,6.9,51,87,181,7,104,11.5,7.1,0.8
32,61,6.1,6.0,54,91,172,37,48,6.4,6.4,0
50,81,8.2,6.1,38,97,187,51,91,7.6,6.6,0.6
33,150,16.5,6.6,55,70,170,37,139,17.3,6.0,0
68,22,2.2,6.1,23,78,172,58,15,2.4,6.2,0
53,76,8.2,6.5,54,78,183,62,91,8.4,7.1,0.9
1,147,17.6,7.2,27,90,170,3,154,18.4,7.4,0.3
2,49,5.6,6.8,26,73,174,0,41,6.6,6.2,0.7
52,90,10.1,6.7,39,97,169,44,101,8.5,6.9,0.6
62,91,9.7,6.4,58,73,183,61,103,11.4,6.7,0.2
44,69,7.4,6.4,58,78,182,54,64,5.8,6.3,0.0
73,90,9.3,6.2,27,71,174,68,103,7.8,6.5,0.4
44,62,7.1,6.9,46,95,184,37,63,6.0,7.2,0.6
54,98,9.8,6.0,50,86,170,50,111,10.3,6.1,0.5
19,26,3.4,7.9,29,89,183,22,21,2.8,7.6,1.0
47,53,5.7,6.4,45,96,173,43,51,7.5,6.1,1.0
48,16,1.7,6.2,38,71,186,48,15,1.5,6.0,0.4
77,37,4.1,6.6,55,73,168,81,35,5.2,6.4,0.7
24,45,4.7,6.3,24,80,185,31,40,5.5,6.7,0.5
26,116,12.8,6.6,44,78,183,35,110,11.6,6.4,0.7
80,92,11.2,7.3,24,98,184,74,96,11.9,7.8,0.5
62,57,7.0,7.4,38,91,174,64,59,5.4,7.3,1.0
32,134,16.5,7.4,55,71,186,35,149,15.3,6.8,0.6
50,74,8.4,6.8,25,93,184,58,82,7.9,7.2,1.0
41,17,2.2,7.7,56,75,169,39,15,2.2,8.3,0.8
66,126,16.2,7.7,43,92,173,73,135,14.7,8.0,0.8
37,55,6.2,6.8,25,92,175,31,43,7.8,6.8,0.5
44,42,5.0,7.2,53,95,182,41,47,4.7,7.7,1.1
51,34,3.5,6.1,54,82,184,44,39,5.4,6.0,0.3
68,94,10.5,6.7,29,87,183,74,97,9.8,7.1,0.4
67,137,16.4,7.2,44,78,169,63,138,17.4,7.3,0.1
2,97,10.5,6.5,49,81,182,12,100,9.2,6.1,0.4
15,51,5.4,6.4,39,74,181,9,44,3.6,6.6,0.6
12,73,8.0,6.6,40,91,177,11,77,7.7,7.2,0.3
77,23,2.3,6.0,24,97,189,70,36,3.0,6.3,0.3
64,38,4.3,6.8,29,76,173,55,49,4.6,6.9,1.2
39,94,10.7,6.8,33,98,177,46,92,12.0,6.6,1.1
0,124,13.8,6.7,56,91,168,8,124,13.9,6.2,1.3
58,31,3.5,6.7,44,89,182,54,34,4.8,6.9,1.2
58,123,15.6,7.6,22,72,183,56,133,13.9,7.4,0.9
78,60,7.4,7.4,59,75,169,77,65,7.2,6.9,0.7
71,141,18.6,7.9,60,88,176,65,134,19.5,8.0,1.2
2,67,8.4,7.5,24,95,178,1,69,7.7,7.1,0.7
58,87,9.7,6.7,55,89,169,58,98,11.1,6.7,1.2
58,58,6.5,6.7,55,86,181,49,70,4.6,6.7,0.5
49,80,8.7,6.5,63,81,187,44,87,8.2,6.4,0.3
71,115,13.2,6.9,60,81,180,63,127,11.2,6.6,0.7
5,67,6.9,6.2,22,76,174,3,60,8.6,6.8,0.4
65,79,8.4,6.4,26,91,187,65,67,8.4,6.6,0.7
52,109,13.1,7.2,39,79,172,43,99,13.2,7.0,0.4
60,79,8.3,6.3,35,84,188,59,87,6.9,6.6,0.9
32,119,13.1,6.6,22,97,178,30,118,12.2,6.3,0.8
60,130,17.6,8.1,58,96,186,57,122,17.9,7.7,1.3
11,107,11.4,6.4,58,73,186,21,118,10.0,6.9,0.9
7,135,14.8,6.6,36,88,174,16,132,15.2,6.0,0.8
52,121,12.5,6.2,35,74,183,42,126,13.7,6.2,0.7
26,113,14.1,7.5,55,91,169,18,127,12.5,8.1,1.4
53,101,11.8,7.0,49,70,182,63,87,11.6,7.2,1.0
25,69,7.5,6.5,53,84,168,27,79,6.1,7.1,0.8
20,149,17.4,7.0,28,94,189,25,135,17.9,7.4,0.7
18,97,12.3,7.6,50,82,169,28,112,12.5,7.8,1.4
31,16,2.2,8.1,61,78,174,30,23,3.3,7.6,1.6
54,50,6.5,7.8,40,70,183,58,60,6.3,8.3,1.0
7,51,6.5,7.6,25,91,185,1,48,5.6,7.6,1.6
45,142,15.6,6.6,57,84,182,47,132,16.9,6.2,0.5
62,137,16.7,7.3,62,96,182,55,126,15.0,6.8,1.0
38,25,3.4,8.2,37,73,181,41,16,2.0,8.1,1.7
37,35,4.1,7.0,55,91,183,27,36,6.0,7.2,1.6
34,46,5.8,7.6,30,91,176,42,35,5.6,8.3,0.9
56,40,5.3,7.9,25,88,184,53,31,5.9,8.2,1.6
24,73,8.9,7.3,27,98,182,33,76,9.5,7.9,0.9
24,35,4.3,7.4,28,74,185,16,45,4.6,8.0,1.8
18,104,12.7,7.3,36,80,172,20,111,12.0,6.7,0.9
42,138,14.9,6.5,57,74,169,35,130,15.2,7.2,1.1
5,104,12.0,6.9,44,72,187,0,96,11.0,6.6,1.6
35,117,13.1,6.7,53,89,177,33,103,13.8,7.2,0.7
12,107,13.7,7.7,62,72,181,15,122,13.5,8.1,1.6
46,98,12.9,7.9,60,89,179,54,92,11.5,7.3,1.2
82,131,17.0,7.8,31,79,172,73,120,18.1,7.7,1.6
34,77,9.1,7.1,52,89,177,28,80,9.9,7.3,0.9
74,98,11.8,7.2,60,91,180,74,94,9.9,6.8,1.2
1,55,5.9,6.4,52,83,180,6,43,4.8,6.3,1.1
78,72,9.5,7.9,35,83,178,79,66,11.5,7.9,1.6
34,105,14.7,8.4,38,79,184,41,104,13.5,8.9,2.0
50,60,8.4,8.4,53,80,183,53,49,10.0,8.7,1.6
1,29,3.7,7.7,59,79,186,5,15,2.7,7.8,1.6
77,101,11.3,6.7,26,91,175,68,102,11.0,6.4,1.0
14,48,6.2,7.8,45,98,189,6,42,5.7,7.6,1.0
10,19,2.7,8.4,58,87,181,15,20,3.0,8.4,1.7
60,131,18.3,8.4,42,80,189,53,124,20.0,8.5,1.8
23,35,4.8,8.3,63,72,182,20,45,4.9,8.5,1.8
79,110,14.7,8.0,26,72,189,85,123,14.6,7.8,1.4
53,61,7.9,7.8,37,76,182,51,57,8.3,7.9,0.9
42,73,9.9,8.1,22,71,177,37,78,8.5,8.6,1.9
24,105,12.9,7.4,30,93,183,32,120,11.9,7.3,1.6
62,66,8.7,7.9,59,72,172,62,51,8.0,7.9,2.0
9,47,6.0,7.7,51,78,173,14,39,6.6,8.2,1.3
58,16,2.3,8.6,49,93,182,63,16,1.5,8.6,1.9
1,91,12.0,7.9,50,84,172,5,101,12.8,7.4,1.1
69,132,16.3,7.4,43,71,170,71,123,17.3,7.8,1.8
68,41,4.6,6.7,56,79,184,77,45,4.3,7.0,1.4
61,28,3.5,7.6,55,73,168,63,29,2.6,7.6,1.3
64,143,17.4,7.3,29,77,174,69,133,19.1,7.6,1.4
83,53,6.0,6.8,59,82,190,75,45,5.2,7.5,1.5
59,116,16.2,8.4,61,77,169,69,127,17.8,8.0,2.2
49,19,2.5,7.9,34,89,184,56,21,2.4,8.2,1.4
41,126,16.0,7.6,43,66,175,49,123,14.2,7.9,2.2
70,26,3.3,7.6,34,89,182,74,31,4.7,8.0,1.9
27,143,19.8,8.3,61,77,179,22,132,17.8,8.0,2.0
41,65,8.0,7.4,58,93,185,39,74,7.0,7.6,1.3
46,19,2.2,6.9,57,76,185,50,15,2.1,7.1,1.3
77,72,8.6,7.2,37,80,176,85,58,8.0,7.3,1.7
46,147,18.6,7.6,50,79,173,54,147,20.5,8.1,2.2
15,32,3.8,7.2,31,96,171,15,29,2.6,6.8,1.3
30,100,12.8,7.7,62,90,182,20,88,12.3,8.1,1.4
24,43,5.7,7.9,63,73,189,34,29,4.7,8.5,1.5
78,124,16.9,8.2,60,73,177,80,131,18.7,7.5,1.5
38,44,6.0,8.2,26,80,188,35,42,4.1,8.9,1.4
1,81,11.7,8.7,28,76,183,0,81,12.6,8.3,2.3
13,145,18.9,7.8,28,66,174,17,134,20.4,7.8,2.1
46,47,5.6,7.2,63,81,189,54,36,6.3,6.7,1.5
76,95,12.8,8.1,61,89,177,82,92,11.7,7.9,1.4
44,52,6.8,7.8,59,87,180,53,37,6.8,8.5,1.8
10,75,11.0,8.8,29,86,169,9,80,11.9,8.5,2.2
84,35,4.7,8.1,57,86,168,85,24,2.8,7.6,2.0
41,70,9.4,8.1,50,78,188,47,60,10.1,8.8,1.4
73,102,15.1,8.9,30,85,168,77,94,13.4,9.3,2.4
43,67,7.8,7.0,35,70,183,34,76,6.5,6.6,1.7
74,96,13.0,8.1,38,69,190,82,109,13.2,7.9,2.0
1,112,14.7,7.9,40,81,180,1,109,13.3,8.4,1.7
67,122,16.9,8.3,33,95,174,60,112,17.7,8.0,1.5
53,88,10.9,7.4,46,84,188,54,98,12.5,7.1,1.5
40,129,17.8,8.3,43,95,182,43,114,19.5,8.1,1.9
2,103,12.9,7.5,42,75,170,8,104,13.3,8.2,2.1
74,72,9.5,7.9,56,69,182,81,75,8.2,8.4,2.6
76,143,20.0,8.4,47,92,187,72,158,18.1,8.4,1.7
43,145,19.8,8.2,60,67,184,40,145,19.6,8.8,2.5
78,42,6.0,8.5,43,91,184,77,41,6.6,8.7,1.8
42,115,15.9,8.3,46,66,190,37,104,16.5,7.8,2.6
40,133,18.8,8.5,21,87,186,38,133,19.3,8.8,2.3
39,86,12.8,8.9,26,81,187,47,73,13.9,8.7,2.2
12,117,14.0,7.2,55,77,185,3,117,15.2,7.7,1.9
36,117,14.0,7.2,35,93,181,31,103,15.1,7.3,1.8
60,143,19.1,8.0,29,80,183,65,150,19.6,8.3,2.0
78,55,7.6,8.3,55,70,184,75,49,6.0,8.5,2.6
58,78,10.9,8.4,25,97,179,67,93,10.5,7.8,1.9
61,97,13.4,8.3,36,88,178,57,103,12.5,8.0,1.7
39,118,15.9,8.1,39,88,182,39,132,17.5,8.0,1.7
76,42,5.7,8.2,31,88,169,85,38,6.7,7.9,1.7
7,97,12.8,7.9,56,72,172,0,93,14.4,8.4,2.8
0,127,18.4,8.7,21,64,178,7,115,19.5,8.9,2.6
16,128,17.1,8.0,37,72,171,15,141,17.6,7.7,2.1
25,36,5.3,8.9,63,81,175,34,43,5.5,9.6,2.3
58,73,10.5,8.6,24,78,178,60,88,9.1,9.2,2.1
17,90,12.9,8.6,49,87,177,21,83,12.5,9.0,2.0
34,149,18.6,7.5,60,81,173,27,144,20.0,7.5,2.2
26,35,4.7,8.0,38,73,187,16,50,6.4,8.1,2.1
20,66,9.2,8.4,39,87,169,28,55,8.2,8.9,2.5
58,131,15.5,7.1,38,93,172,48,118,13.9,7.1,1.9
35,57,7.2,7.6,60,76,178,31,61,5.4,6.9,2.5
0,99,14.2,8.6,58,65,174,9,88,15.1,8.0,2.6
41,76,10.4,8.2,25,80,177,44,89,9.0,7.9,2.2
67,38,5.3,8.3,43,71,189,71,44,5.6,8.0,2.9
13,87,11.3,7.8,59,65,190,6,76,11.9,7.9,2.4
15,130,18.2,8.4,33,66,169,20,136,16.7,7.9,2.5
64,143,20.0,8.4,21,77,175,60,142,19.0,7.9,2.4
64,68,10.2,9.0,44,83,186,64,66,11.2,8.7,2.6
11,93,12.1,7.8,51,82,169,10,94,10.3,7.5,2.4
76,87,12.6,8.7,35,74,186,82,94,11.8,8.7,2.3
84,94,12.2,7.8,39,80,173,75,88,13.6,7.2,2.1
55,96,15.0,9.4,61,85,189,56,101,13.5,9.9,2.8
31,132,16.7,7.6,30,83,187,26,120,16.0,7.3,2.6
28,16,2.2,8.3,29,78,186,36,28,1.5,7.9,2.9
20,79,11.1,8.4,62,84,187,28,74,10.7,9.0,2.7
22,30,4.0,8.1,34,74,178,16,37,2.6,7.8,2.1
68,84,12.2,8.7,42,79,179,60,85,12.6,8.9,2.8
29,69,9.9,8.6,47,82,182,37,67,11.2,8.7,3.1
40,90,12.5,8.3,54,67,174,45,82,13.8,8.5,2.4
64,107,14.4,8.1,50,70,174,68,110,14.3,8.2,2.1
46,112,17.5,9.4,49,71,168,38,97,15.7,9.3,3.2
23,131,16.2,7.4,48,74,174,22,131,17.8,6.9,2.3
24,54,7.0,7.8,62,76,186,26,45,8.4,7.5,2.4
77,146,20.7,8.5,45,73,183,78,137,21.7,7.9,3.0
31,113,14.9,7.9,52,83,187,39,114,15.2,8.6,2.9
45,111,14.2,7.7,26,68,175,37,117,14.0,7.6,2.5
31,60,8.5,8.5,47,73,176,40,48,8.5,8.7,3.1
54,57,8.2,8.6,38,75,188,57,46,6.5,8.5,3.2
59,107,16.2,9.1,35,84,181,52,122,17.8,9.5,2.9
36,28,4.3,9.3,29,66,175,42,36,3.1,9.0,3.2
47,142,19.9,8.4,48,80,181,40,132,19.3,8.2,3.3
66,38,6.0,9.4,38,80,175,75,31,5.6,9.1,3.3
35,39,5.8,8.9,52,86,186,44,42,5.1,9.1,3.4
19,102,13.8,8.1,23,74,168,26,109,15.5,7.7,2.9
75,61,7.9,7.8,25,64,179,69,58,7.9,7.3,2.3
76,121,16.9,8.4,28,77,187,83,107,15.6,7.7,3.0
59,75,9.9,7.9,25,71,172,59,88,10.3,8.3,2.6
14,29,4.3,9.0,44,85,183,16,42,3.4,8.9,2.4
0,87,11.9,8.2,54,77,182,0,102,10.9,8.7,3.1
28,43,6.7,9.3,43,74,189,24,31,6.1,9.1,3.1
1,108,16.6,9.2,45,77,173,3,98,17.6,9.8,3.1
11,131,21.2,9.7,30,65,190,5,143,21.9,9.3,3.4
83,65,9.2,8.5,39,70,183,80,70,9.4,8.0,3.1
33,32,5.1,9.5,29,72,185,31,35,4.1,10.0,3.3
52,64,8.7,8.2,47,68,172,44,58,10.1,7.9,3.0
42,100,13.5,8.1,38,68,174,32,110,14.3,7.4,2.8
3,91,14.7,9.7,50,84,175,0,103,14.6,9.4,3.4
64,36,5.9,9.9,59,69,188,55,45,5.9,9.4,3.5
13,120,19.0,9.5,42,78,172,16,116,17.2,9.9,3.4
63,79,11.3,8.6,23,79,174,53,88,10.5,9.0,2.8
10,135,22.1,9.8,60,88,187,11,133,20.8,9.1,3.5
28,136,19.7,8.7,47,87,176,23,151,20.7,8.8,2.5
76,102,13.8,8.1,28,86,187,84,109,15.6,7.6,2.7
29,32,4.8,9.0,59,84,186,34,32,3.6,9.1,3.4
54,71,10.3,8.7,26,85,190,63,81,8.6,8.7,2.9
70,131,20.7,9.5,51,81,190,65,134,21.7,9.8,3.3
32,21,3.0,8.6,34,64,180,24,15,1.5,9.2,3.5
36,109,18.0,9.9,48,70,181,26,116,17.2,10.0,3.7
40,57,9.1,9.6,47,70,177,44,54,9.7,9.3,3.3
0,96,13.4,8.4,38,77,170,0,86,15.0,8.5,2.6
16,51,6.9,8.1,61,76,174,6,64,6.1,7.5,2.7
35,43,6.2,8.7,31,64,176,37,48,4.6,8.9,2.6
30,81,12.0,8.9,39,75,173,37,85,12.8,8.7,3.6
36,97,15.2,9.4,62,80,183,45,88,13.7,9.4,3.3
80,149,22.1,8.9,36,73,188,81,164,23.8,8.9,3.2
58,119,15.7,7.9,24,66,178,52,126,17.5,7.6,2.8
9,26,4.1,9.4,43,87,171,8,39,4.5,9.0,3.0
60,119,16.3,8.2,31,75,190,68,110,17.1,7.9,2.9
33,50,7.1,8.5,47,67,174,27,53,5.9,7.9,3.5
66,128,19.6,9.2,63,70,185,56,116,19.3,9.1,3.3
54,116,16.4,8.5,30,87,186,57,110,17.3,7.9,3.0
18,75,10.5,8.4,32,67,171,27,66,9.0,8.1,3.0
18,41,6.9,10.1,47,83,173,21,30,7.3,10.0,3.8
13,66,9.0,8.2,45,68,184,21,78,9.0,8.4,3.1
83,80,11.2,8.4,51,66,186,85,75,9.6,7.8,2.8
31,80,13.1,9.8,62,76,180,28,79,14.3,9.7,3.6
10,48,7.0,8.7,51,70,190,17,36,6.0,9.2,3.6
63,113,16.6,8.8,34,81,170,64,115,14.9,8.4,3.2
13,96,15.5,9.7,28,79,188,20,102,14.0,10.0,3.5
72,119,17.1,8.6,56,76,176,78,111,19.0,8.8,3.0
5,138,23.0,10.0,39,86,168,6,137,24.4,10.6,3.5
34,49,7.3,9.0,54,85,176,34,61,8.2,8.5,3.8
44,144,23.0,9.6,54,65,174,37,133,22.5,9.3,3.9
36,98,14.4,8.8,27,70,188,29,95,14.4,8.8,3.2
1,25,3.8,9.1,24,67,173,0,33,2.0,8.9,3.0
35,36,5.6,9.3,37,86,168,34,31,5.8,8.8,4.0
59,99,14.0,8.5,50,73,186,59,87,12.8,7.8,3.4
37,93,14.1,9.1,49,86,179,34,83,15.1,8.7,3.7
12,138,21.2,9.2,52,81,173,21,129,19.5,8.6,3.0
36,36,5.5,9.1,21,72,188,43,42,4.6,9.2,3.9
66,116,17.8,9.2,32,84,190,69,119,16.8,9.6,3.8
8,20,3.3,9.8,23,67,177,9,32,2.3,9.6,3.8
16,59,8.8,9.0,42,79,180,14,71,10.1,9.0,3.7
51,121,18.1,9.0,52,65,187,58,131,18.3,8.4,4.1
33,73,11.1,9.1,50,73,184,33,81,13.1,9.6,3.8
71,48,7.4,9.3,58,81,184,65,49,5.7,8.9,3.7
21,126,17.4,8.3,42,65,175,14,118,16.6,8.7,3.3
57,103,16.1,9.4,37,88,186,59,95,15.0,10.0,4.1
19,91,14.7,9.7,43,68,189,23,89,14.6,9.4,4.0
18,75,11.5,9.2,51,72,187,24,81,10.9,8.9,3.5
31,67,10.1,9.0,23,85,169,23,82,11.9,9.3,4.2
6,84,13.3,9.5,34,83,190,3,89,12.9,9.0,3.2
5,96,15.5,9.7,47,82,168,0,88,15.8,9.1,3.2
19,143,20.5,8.6,59,67,189,26,152,21.9,8.9,3.7
76,24,4.0,9.9,60,67,190,75,32,3.8,9.5,3.5
57,110,18.1,9.9,48,70,174,63,109,19.9,9.2,3.8
80,146,23.6,9.7,55,71,170,72,141,24.2,9.4,4.2
64,49,7.7,9.4,63,83,168,56,54,7.4,10.1,4.2
32,124,22.1,10.7,47,69,175,38,126,22.6,11.4,4.4
28,119,18.8,9.5,44,87,174,26,124,17.6,9.2,4.3
27,86,12.9,9.0,55,82,181,18,72,13.0,9.0,4.2
8,38,6.6,10.4,38,85,173,12,52,5.5,10.7,4.3
81,52,7.5,8.7,51,66,184,80,56,9.5,9.0,3.5
32,26,4.3,9.9,54,73,175,28,19,3.6,10.3,3.4
66,73,12.2,10.0,44,70,180,73,64,10.9,10.3,4.3
1,141,21.6,9.2,27,66,176,0,133,19.6,9.1,3.8
16,148,22.4,9.1,25,72,188,23,150,22.8,9.3,4.2
34,139,21.5,9.3,36,84,178,24,126,21.9,9.4,4.2
17,92,15.0,9.8,45,67,190,10,104,13.2,9.5,4.4
1,25,4.0,9.7,43,82,182,0,25,2.2,9.5,4.4
47,138,21.2,9.2,46,75,180,41,125,20.4,9.5,3.7
51,115,18.4,9.6,28,75,170,48,101,18.3,10.2,4.6
22,63,10.5,10.0,49,67,187,29,78,12.0,10.6,3.6
1,69,11.2,9.7,45,88,173,10,59,9.5,9.2,4.6
7,24,3.6,9.0,56,77,168,1,38,3.6,9.6,3.6
68,88,14.2,9.7,50,75,179,61,98,15.8,9.9,4.1
85,100,16.5,9.9,29,79,176,81,94,17.5,10.5,4.1
83,130,20.4,9.4,45,81,186,80,144,19.4,9.3,4.2
71,147,24.7,10.1,43,75,189,64,152,23.5,9.7,4.3
49,20,3.4,10.2,45,78,182,47,26,3.1,10.8,4.7
1,32,5.4,10.1,39,75,174,0,34,5.9,10.1,4.3
54,75,12.6,10.1,38,67,190,58,60,13.7,10.8,4.7
65,31,5.4,10.5,32,83,171,60,22,6.9,10.9,4.2
72,76,11.7,9.2,37,68,172,65,90,13.3,9.7,4.5
56,36,5.6,9.4,57,69,175,66,36,3.9,9.4,3.9
71,45,7.3,9.7,37,80,188,73,49,8.4,9.1,3.6
16,120,19.6,9.8,24,88,182,19,107,19.9,10.1,4.5
75,81,12.2,9.0,56,81,190,76,90,13.6,9.4,4.0
7,137,24.0,10.5,27,74,169,13,135,22.3,10.2,4.5
20,23,3.9,10.3,35,77,172,11,15,2.2,9.8,4.3
6,104,16.3,9.4,33,74,172,9,104,15.8,9.0,4.5
85,113,20.5,10.9,43,71,172,85,123,22.1,11.1,4.8
45,129,22.8,10.6,63,71,170,50,116,23.7,10.5,4.5
33,103,16.8,9.8,26,64,190,31,114,15.8,9.3,4.8
34,146,23.6,9.7,57,85,185,32,159,24.0,9.8,4.0
81,57,9.9,10.4,57,83,185,75,71,10.1,10.5,4.2
82,63,9.9,9.4,26,66,179,74,72,10.9,9.9,4.6
42,80,12.9,9.7,21,87,171,37,91,14.2,9.9,4.0
8,124,20.0,9.7,36,66,180,0,124,21.3,9.1,4.1
8,93,14.9,9.6,46,71,180,15,99,16.6,9.0,4.2
55,23,3.9,10.2,53,65,171,53,27,4.8,10.6,4.7
52,57,8.9,9.4,63,72,168,56,68,8.9,9.4,4.2
0,122,21.4,10.5,32,74,175,0,116,19.7,10.1,4.6
53,113,17.9,9.5,22,64,187,50,99,16.3,10.1,4.5
18,141,21.9,9.3,24,82,188,9,127,23.7,9.0,4.2
61,142,23.9,10.1,39,77,171,71,155,22.7,9.9,4.8
14,46,8.4,10.9,56,78,190,17,35,10.3,10.3,5.0
62,87,14.8,10.2,37,85,180,63,77,15.6,10.1,4.5
2,92,14.6,9.5,41,66,172,0,78,12.9,9.2,4.8
34,22,3.5,9.6,21,81,176,26,15,1.5,10.1,4.7
71,31,5.5,10.7,22,88,177,80,35,7.2,11.0,5.1
17,15,2.5,9.9,63,64,174,26,15,1.5,10.1,4.1
9,90,16.6,11.1,42,77,188,5,88,17.5,11.0,5.1
25,88,14.7,10.0,57,74,185,28,84,15.1,10.7,4.2
82,94,17.4,11.1,21,83,169,74,80,17.8,11.0,4.9
35,138,24.1,10.5,57,87,172,36,135,25.2,10.8,4.4
60,43,7.3,10.2,45,76,177,52,51,8.3,9.6,4.7
46,62,11.2,10.8,38,71,171,44,61,9.7,10.4,5.1
54,69,11.0,9.6,62,68,181,48,79,12.5,9.6,4.4
57,93,17.1,11.0,59,84,173,49,86,18.5,11.7,5.0
40,77,12.8,10.0,27,80,186,36,67,14.5,9.5,4.1
45,135,22.7,10.1,25,72,182,55,128,21.2,9.7,5.1
72,71,13.3,11.2,47,77,169,82,57,11.3,10.9,5.3
60,75,13.0,10.4,60,84,180,63,78,13.1,10.7,4.6
73,52,9.0,10.4,41,75,179,65,58,10.2,10.0,5.2
71,50,8.7,10.4,48,64,184,77,57,9.3,9.8,4.5
66,120,21.2,10.6,49,71,190,67,113,21.2,10.4,5.0
22,92,14.1,9.2,23,71,178,19,90,12.3,9.8,4.3
82,42,6.7,9.6,48,86,177,79,47,6.4,9.3,4.4
67,110,19.2,10.5,31,76,183,73,96,18.4,10.9,4.4
62,148,22.4,9.1,52,81,185,59,153,23.3,8.9,4.3
45,44,7.1,9.7,42,84,184,36,58,8.8,9.5,4.9
8,126,23.1,11.0,42,72,190,3,113,22.7,11.6,4.9
21,125,22.7,10.9,62,87,181,14,140,23.2,11.3,5.0
84,23,4.0,10.5,26,81,172,80,38,6.0,10.7,5.3
75,50,9.0,10.8,60,71,176,68,47,10.3,10.3,4.6
39,121,21.4,10.6,63,76,183,47,114,20.3,10.8,5.3
5,112,20.5,11.0,27,82,183,13,123,22.5,11.2,5.4
9,142,23.9,10.1,39,82,185,4,151,24.3,10.6,5.3
0,98,17.3,10.6,40,69,189,3,104,18.1,10.5,4.7
1,66,10.4,9.5,42,71,169,2,53,10.4,9.4,4.6
40,69,11.8,10.3,21,79,169,45,57,12.6,10.0,5.4
74,80,13.6,10.2,45,84,187,65,81,12.6,10.7,5.4
53,81,13.5,10.0,32,82,181,43,85,15.4,9.7,4.7
82,145,23.9,9.9,48,75,171,85,144,25.8,9.4,5.3
83,137,26.0,11.4,47,68,187,85,150,26.7,11.4,5.3
78,77,13.7,10.7,29,64,176,74,91,15.4,10.0,5.3
43,124,19.8,9.6,36,66,169,36,114,19.7,9.2,4.7
46,67,11.6,10.4,36,88,174,50,53,10.0,11.0,4.6
81,86,14.8,10.3,22,84,170,73,84,13.2,10.1,4.5
67,26,4.8,11.1,52,76,172,64,15,4.3,11.3,5.1
20,113,20.3,10.8,62,64,173,21,108,21.7,10.5,5.1
65,22,4.0,10.9,57,74,186,56,19,5.8,11.1,5.3
7,69,11.6,10.1,61,71,185,3,73,13.3,10.8,5.1
18,102,18.4,10.8,43,68,173,21,103,18.1,10.8,4.8
59,105,16.4,9.4,22,65,168,64,114,15.4,9.4,4.7
2,46,8.3,10.8,38,79,168,0,39,9.0,10.3,4.8
80,46,7.8,10.2,50,68,184,83,35,8.6,10.2,4.6
17,125,21.7,10.4,22,81,188,9,123,23.3,11.0,5.4
60,60,11.4,11.4,50,87,168,62,59,11.4,11.1,5.7
49,106,19.4,11.0,54,83,168,50,107,19.8,10.7,4.9
6,113,21.7,11.5,32,70,175,12,127,21.1,11.7,5.5
27,117,22.6,11.6,58,78,185,29,132,24.0,12.1,5.7
38,130,22.8,10.5,62,76,177,48,139,22.1,10.0,5.7
57,32,5.4,10.1,48,81,182,60,25,6.6,9.9,5.2
68,18,3.3,11.1,56,74,171,63,15,4.0,10.9,5.7
52,133,23.3,10.5,49,85,187,56,140,24.5,10.1,4.9
56,40,7.5,11.2,27,86,184,51,53,5.8,11.8,5.9
67,83,14.8,10.7,54,64,173,73,73,14.6,10.5,5.8
28,68,11.6,10.2,51,72,190,22,76,11.4,10.8,5.5
41,138,26.4,11.5,21,77,180,40,141,27.7,12.0,5.9
74,142,26.0,11.0,55,76,189,79,157,27.2,10.9,5.1
80,58,9.8,10.1,56,86,174,85,50,9.6,9.5,5.4
62,38,6.3,10.0,21,71,169,58,51,5.1,9.7,5.4
73,51,9.7,11.4,52,78,176,64,57,11.0,11.3,5.9
7,92,16.1,10.5,63,79,173,7,102,16.6,10.4,5.3
47,58,11.0,11.4,38,77,188,53,67,10.9,11.8,6.0
41,67,12.3,11.0,32,69,180,51,61,13.1,11.3,5.8
49,42,8.1,11.6,29,78,176,47,56,8.1,11.3,5.7
80,36,6.9,11.5,45,85,188,80,44,7.9,12.0,5.5
21,87,15.4,10.6,26,85,189,12,87,14.9,10.5,5.0
26,138,26.4,11.5,28,79,173,29,124,28.4,11.5,6.1
36,103,18.0,10.5,27,85,171,42,108,16.9,10.6,5.0
19,136,23.8,10.5,55,87,184,26,146,25.5,10.6,5.4
12,88,16.7,11.4,40,67,169,8,86,17.5,11.0,6.0
85,73,12.5,10.3,60,88,168,84,77,11.0,10.0,5.1
29,25,4.8,11.5,44,83,180,23,34,4.9,11.1,5.8
62,76,12.7,10.0,26,86,176,70,82,14.7,10.6,5.3
70,67,11.5,10.3,57,85,177,62,69,11.6,10.0,5.4
54,148,28.1,11.4,40,80,181,44,148,27.3,11.5,5.4
59,96,17.1,10.7,22,66,176,53,91,15.6,11.2,5.2
75,15,2.9,11.7,45,67,176,72,15,1.5,11.8,5.8
72,27,5.0,11.0,26,67,170,69,15,6.4,10.9,5.5
68,99,19.1,11.6,22,75,172,73,88,19.5,11.7,6.0
61,141,23.0,9.8,63,84,172,61,145,22.8,9.8,5.1
49,135,23.6,10.5,33,67,183,56,129,23.6,9.9,6.0
55,29,4.9,10.2,24,66,183,55,34,3.8,10.5,5.7
54,49,8.7,10.6,34,71,174,45,54,9.0,11.0,6.1
18,118,22.8,11.6,62,88,182,18,118,21.2,11.0,5.9
52,35,6.0,10.2,27,70,181,50,41,4.4,9.6,5.5
61,50,8.2,9.9,59,84,175,62,43,7.9,10.6,5.3
9,29,5.0,10.4,27,78,188,8,21,6.2,10.1,5.4
10,118,23.6,12.0,53,64,184,1,122,23.0,11.6,6.1
21,119,21.2,10.7,27,84,183,28,128,19.2,10.1,5.5
76,142,23.9,10.1,54,79,177,80,144,25.9,9.8,5.6
70,48,9.0,11.3,48,80,174,69,58,9.9,10.8,5.5
68,31,5.5,10.6,63,67,172,67,37,5.2,11.0,5.4
64,143,25.7,10.8,59,66,179,73,156,24.5,10.6,6.2
35,82,15.6,11.4,61,66,185,27,78,14.2,11.0,5.8
26,100,17.3,10.4,37,79,182,31,103,17.6,10.1,5.6
40,118,22.0,11.2,61,61,171,40,118,20.5,10.5,6.2
82,16,2.7,10.0,58,69,180,85,15,2.8,10.5,5.4
6,40,7.0,10.5,31,78,183,1,48,8.9,10.1,5.8
36,18,3.5,11.7,29,62,188,38,27,3.4,11.3,6.2
64,70,13.8,11.8,62,59,168,61,75,12.4,12.0,6.3
78,45,8.6,11.4,43,80,186,69,45,9.9,11.0,6.3
80,24,4.4,11.1,29,73,170,78,15,6.2,11.2,5.7
1,30,5.5,11.0,35,63,175,3,25,6.1,10.8,6.5
68,85,15.7,11.1,33,64,185,76,79,15.8,11.0,5.8
10,57,11.4,12.0,29,66,184,9,61,9.8,12.4,6.3
1,122,23.2,11.4,37,81,169,1,135,21.4,11.0,5.7
84,145,27.1,11.2,44,58,172,74,146,25.2,10.8,6.6
50,41,8.2,12.0,59,70,185,56,33,10.1,11.8,6.6
53,15,3.0,12.1,21,78,174,53,16,3.4,12.5,6.5
75,106,19.8,11.2,43,73,182,74,93,19.5,10.7,5.9
2,99,17.7,10.7,63,82,177,2,110,18.0,10.6,6.0
29,44,8.2,11.2,60,86,187,37,42,9.1,11.8,5.9
14,130,26.4,12.2,59,65,168,5,139,26.2,12.4,6.4
60,89,16.6,11.2,34,72,187,63,78,17.7,11.1,6.1
43,104,20.5,11.8,56,77,185,34,119,20.2,11.3,5.9
47,75,14.8,11.8,52,80,177,51,65,16.2,12.3,5.9
65,39,7.2,11.1,46,68,177,72,51,5.9,11.3,6.5
57,50,8.9,10.7,37,77,184,50,56,8.8,11.3,5.7
6,112,21.3,11.4,41,84,185,13,104,22.7,12.0,5.9
20,104,18.9,10.9,51,58,188,26,113,18.9,10.3,6.5
15,144,26.9,11.2,61,77,188,22,156,26.3,10.9,5.7
71,129,23.4,10.9,40,60,170,65,137,24.5,10.5,6.0
48,117,22.2,11.4,31,69,179,49,115,23.2,11.7,5.8
42,87,16.8,11.6,47,63,177,34,82,17.0,12.1,6.2
83,29,5.7,11.8,49,79,176,85,38,7.4,12.0,6.4
6,54,9.9,11.0,54,71,179,13,44,10.4,11.7,5.9
55,76,15.8,12.5,41,70,177,65,91,17.7,13.2,6.7
82,23,4.4,11.4,50,75,179,85,15,6.0,10.8,5.9
80,27,5.0,11.2,23,73,184,77,34,4.0,10.7,6.2
20,39,7.0,10.8,31,82,186,30,33,6.9,10.6,6.4
82,126,23.3,11.1,47,60,183,80,113,21.6,11.8,6.3
34,31,6.2,12.0,34,69,185,42,31,6.2,12.6,6.2
29,69,12.7,11.0,28,84,178,34,58,12.1,11.6,5.8
6,16,2.9,11.0,63,78,184,0,19,1.5,11.5,6.4
23,73,13.7,11.3,50,70,187,32,68,12.2,11.0,6.6
38,100,18.7,11.2,38,66,180,42,85,17.7,11.1,5.9
23,127,24.3,11.5,35,58,182,14,112,23.0,11.0,6.9
73,134,27.9,12.5,31,78,180,64,141,27.1,12.8,7.0
46,46,8.4,10.9,31,62,171,43,41,9.4,11.5,6.0
74,79,14.7,11.2,29,67,179,79,71,14.3,11.5,6.1
27,133,26.8,12.1,43,61,178,21,118,26.1,12.6,6.8
71,140,27.8,11.9,54,71,190,76,141,27.7,11.3,6.3
19,83,16.3,11.8,63,82,179,14,83,14.9,11.9,6.0
84,64,12.7,11.9,35,81,185,77,52,11.0,12.3,6.2
3,38,7.2,11.3,61,67,177,9,24,7.6,11.5,6.0
81,110,23.1,12.6,48,59,188,82,109,24.0,12.0,6.7
25,51,10.3,12.1,41,82,179,29,46,12.2,12.0,6.1
62,56,11.4,12.2,41,80,169,69,71,12.9,12.7,6.5
61,115,22.8,11.9,54,73,189,66,104,21.7,12.1,6.6
41,35,6.7,11.5,41,64,183,42,34,5.4,12.0,6.2
65,131,24.5,11.2,63,82,188,75,121,24.0,11.8,6.2
72,144,27.1,11.3,49,80,178,75,157,27.3,11.6,6.2
46,78,16.2,12.5,41,62,184,48,74,18.2,12.4,6.8
34,126,25.4,12.1,32,65,181,33,137,25.1,12.2,7.1
7,109,22.0,12.1,41,60,181,1,104,22.5,12.3,6.3
67,79,16.3,12.4,21,62,179,66,68,16.7,13.0,6.5
49,48,9.4,11.8,47,82,180,43,57,9.3,11.5,6.2
11,95,20.1,12.7,57,82,183,20,84,21.2,12.3,7.3
59,132,27.3,12.4,29,82,183,61,143,26.3,12.4,6.6
59,43,9.0,12.5,42,71,183,61,56,10.2,11.9,6.9
26,131,26.4,12.1,57,59,189,32,122,27.6,12.2,7.0
41,23,4.5,11.8,40,78,169,39,27,4.8,11.8,6.8
11,99,19.0,11.5,34,76,183,6,96,19.9,11.3,6.4
6,59,11.7,11.9,49,60,171,7,64,11.4,11.2,6.9
27,83,17.0,12.3,57,67,171,24,73,15.1,12.4,7.1
61,109,22.9,12.6,32,58,171,61,97,24.2,13.3,7.1
8,111,23.1,12.5,57,75,189,13,110,23.0,12.6,6.7
52,62,12.3,11.9,48,62,181,53,58,12.4,11.4,6.6
66,38,7.8,12.3,61,82,189,76,41,8.6,11.7,7.1
39,133,25.7,11.6,58,60,182,45,133,27.1,11.0,7.0
69,90,18.4,12.3,45,69,174,68,91,18.7,12.8,6.6
82,69,13.3,11.6,52,74,185,85,56,11.8,11.3,6.5
64,15,3.0,12.0,21,60,173,60,23,2.8,12.1,7.0
58,41,9.0,13.1,63,68,182,64,41,9.9,12.9,7.3
54,112,22.4,12.0,44,71,180,52,123,21.9,12.6,6.9
85,111,23.1,12.5,36,80,170,85,120,23.5,12.2,7.5
36,19,3.8,12.0,24,71,177,42,15,5.4,12.3,7.0
58,93,17.7,11.4,38,68,184,50,86,18.7,12.1,6.6
31,41,7.8,11.4,46,58,176,22,30,8.5,11.8,6.6
32,140,27.8,11.9,57,75,172,26,135,27.3,11.5,6.5
65,85,16.6,11.7,24,77,190,62,73,14.8,11.3,7.2
81,124,23.4,11.3,36,59,181,79,136,22.9,11.5,6.9
9,102,21.4,12.6,49,64,175,0,105,22.5,13.3,6.8
73,122,24.0,11.8,22,75,183,72,122,23.8,12.0,7.1
46,112,23.0,12.3,26,81,172,44,111,24.9,12.3,7.5
83,126,23.5,11.2,27,59,187,85,128,24.6,11.8,6.5
80,125,23.8,11.4,35,75,172,85,134,25.0,11.6,6.6
42,143,29.6,12.4,37,78,168,38,156,30.5,12.0,7.6
57,16,3.2,12.0,59,68,173,61,15,1.9,11.7,7.1
49,86,16.6,11.6,42,69,168,51,86,16.5,11.5,6.8
46,76,16.0,12.6,56,77,169,47,80,15.1,12.9,6.8
65,86,17.6,12.3,29,81,180,71,72,19.4,12.4,6.9
30,95,19.3,12.2,51,71,177,38,91,20.3,12.1,6.9
61,21,4.4,12.7,29,58,188,71,15,4.3,12.7,7.4
32,130,24.9,11.5,30,66,190,31,126,22.9,11.8,6.7
13,121,26.2,13.0,21,81,174,16,118,27.2,13.5,7.5
22,54,11.3,12.6,32,71,188,15,59,11.7,12.4,7.0
83,62,12.3,11.9,40,61,177,85,61,11.6,12.2,7.3
82,54,11.4,12.7,33,69,186,75,39,12.8,12.0,7.2
47,69,13.1,11.4,48,80,188,56,73,12.1,11.3,7.0
5,147,30.9,12.6,40,70,185,1,145,30.9,13.1,7.4
18,148,30.8,12.5,23,67,169,25,146,31.4,12.3,7.7
65,87,18.1,12.5,54,61,174,59,79,17.5,12.9,7.1
31,133,27.5,12.4,41,62,170,33,140,29.4,12.2,7.5
67,42,8.4,12.0,47,77,187,58,55,10.0,12.5,7.7
23,31,6.5,12.6,35,59,171,29,25,7.1,12.7,7.5
56,76,14.8,11.7,34,69,181,55,69,15.2,11.6,7.1
37,134,26.8,12.0,54,64,172,41,144,26.9,12.4,7.0
67,110,21.8,11.9,62,67,168,75,121,20.3,12.4,7.1
23,69,13.5,11.7,52,80,173,32,75,13.4,11.1,6.8
14,87,17.7,12.2,27,76,184,14,89,16.1,12.2,7.0
51,105,20.6,11.8,62,65,179,52,118,19.6,11.4,7.5
13,27,5.4,12.1,22,71,178,16,18,4.0,12.5,7.3
36,137,28.3,12.4,21,61,177,46,126,26.9,11.8,7.4
54,20,3.9,11.6,61,80,183,44,17,5.0,12.2,7.2
1,130,26.4,12.2,44,72,190,0,141,28.1,12.0,7.3
60,95,18.7,11.8,24,63,182,69,105,19.5,12.2,7.1
30,47,10.3,13.1,29,59,190,34,42,10.1,13.1,7.6
29,121,24.0,11.9,22,62,180,27,120,25.3,11.5,7.3
6,113,23.4,12.4,52,75,171,7,120,21.6,13.1,7.8
45,126,26.5,12.6,58,67,180,40,129,25.6,12.3,6.9
16,20,4.0,12.0,53,75,181,8,28,5.7,11.8,7.3
81,30,6.3,12.6,53,79,178,71,25,6.6,12.3,7.6
47,32,6.6,12.3,43,60,189,52,17,6.0,12.7,8.0
20,148,31.1,12.6,31,62,182,20,133,30.2,12.3,7.2
79,96,20.6,12.9,55,69,183,72,94,19.0,12.6,7.7
5,113,23.5,12.5,21,75,180,14,127,24.2,13.1,7.4
54,72,14.6,12.2,45,64,183,45,74,16.2,12.7,8.2
70,140,28.9,12.4,59,73,188,71,133,29.4,12.8,8.1
28,39,7.9,12.2,34,66,184,34,28,7.9,12.1,7.6
31,86,17.5,12.2,37,67,173,21,76,17.5,12.1,7.7
63,75,16.9,13.5,27,79,186,65,78,18.4,13.6,8.2
24,15,3.4,13.5,47,67,185,17,28,3.4,13.9,8.2
57,71,15.3,12.9,56,58,190,66,83,15.7,12.8,7.8
56,98,20.7,12.7,34,60,189,60,99,19.4,12.2,7.4
7,125,27.9,13.4,50,73,169,13,139,29.6,13.2,8.0
9,54,11.4,12.7,30,60,180,4,63,11.3,12.1,7.7
24,75,15.8,12.6,44,81,170,25,89,15.6,11.9,8.0
83,84,18.5,13.2,23,73,177,80,83,20.3,12.6,8.1
30,77,15.9,12.4,34,59,181,33,63,14.3,12.9,8.1
19,38,8.0,12.6,40,73,172,25,44,6.2,12.4,7.4
47,129,27.3,12.7,51,61,176,52,127,27.5,12.1,7.8
64,144,30.5,12.7,58,80,171,72,156,31.1,13.3,8.3
38,19,4.1,12.9,47,72,187,32,17,4.2,12.8,8.0
52,23,4.8,12.4,49,62,168,45,15,4.2,12.1,7.3
26,142,30.1,12.7,26,65,176,23,154,30.9,13.2,8.0
60,110,23.5,12.8,61,69,183,51,122,24.2,12.8,8.4
66,66,15.1,13.7,29,68,185,59,70,13.3,13.7,8.2
70,64,13.5,12.7,59,66,177,77,69,15.0,12.4,7.3
65,127,24.8,11.7,30,79,176,59,130,23.4,11.6,7.4
14,88,17.6,12.0,22,59,168,20,89,18.1,11.8,7.4
77,24,4.8,11.9,24,74,172,79,36,6.5,12.0,7.3
72,48,11.1,13.9,58,66,189,67,51,9.2,14.0,8.3
5,134,28.6,12.8,39,62,178,0,144,30.2,12.1,7.8
38,82,18.3,13.4,29,63,190,44,71,19.9,14.1,8.1
44,121,25.4,12.6,39,75,172,46,135,26.5,12.5,7.7
48,69,14.4,12.5,44,81,178,54,81,15.4,12.7,8.2
47,105,22.8,13.0,50,65,183,50,90,23.7,13.6,8.0
9,138,30.4,13.2,23,77,172,7,150,31.2,13.7,7.6
50,56,11.6,12.4,58,68,184,54,69,10.3,12.6,8.2
28,130,27.1,12.5,37,76,176,22,142,25.6,12.4,8.3
7,20,4.5,13.6,24,80,188,5,19,4.8,13.9,8.3
35,84,18.8,13.4,51,68,186,40,93,19.6,13.4,7.8
55,17,3.6,12.7,38,71,173,50,15,2.1,13.2,8.4
60,98,22.5,13.8,29,72,186,66,101,23.1,13.4,8.5
59,78,17.0,13.1,52,67,189,67,77,18.0,12.4,8.6
64,114,25.3,13.3,49,74,190,55,100,25.4,12.9,7.8
31,81,17.6,13.0,52,77,182,31,74,16.8,12.4,8.4
16,145,30.7,12.7,39,80,170,18,153,29.7,12.1,7.7
26,65,14.0,12.9,45,77,190,16,78,13.3,13.3,8.3
36,119,25.8,13.0,62,71,190,37,131,26.2,12.7,8.7
73,57,12.2,12.8,51,61,173,79,42,10.5,13.3,8.4
21,61,13.8,13.6,57,73,169,29,50,14.4,13.2,8.7
27,47,10.9,13.9,62,77,171,29,36,10.7,14.0,8.6
44,15,3.0,12.2,43,81,186,48,28,2.3,12.6,8.0
25,58,12.3,12.7,52,62,180,26,66,13.5,12.1,8.3
16,146,29.9,12.3,55,62,182,26,137,30.4,11.7,8.1
75,52,10.4,12.0,32,72,190,68,67,10.3,12.6,7.9
77,87,18.3,12.6,63,70,176,69,78,18.1,12.3,8.3
83,124,25.4,12.3,35,60,179,85,110,26.0,11.7,8.2
18,118,24.4,12.4,24,77,177,27,121,25.3,12.0,7.8
42,135,30.4,13.5,47,67,176,38,121,29.6,13.9,8.9
70,36,7.5,12.5,31,77,175,75,34,5.7,12.8,8.0
75,114,23.9,12.6,55,76,188,80,122,25.1,12.9,8.2
26,142,33.1,14.0,39,68,189,22,144,31.7,14.2,8.9
79,67,15.2,13.6,43,69,173,69,74,15.5,14.1,8.1
80,75,17.4,13.9,58,74,170,77,73,18.2,14.3,8.7
75,41,9.1,13.3,56,59,180,82,50,7.3,13.7,8.5
75,98,21.2,13.0,59,69,190,85,97,20.8,13.0,8.5
31,19,4.3,13.7,31,68,185,36,22,3.4,13.5,8.9
18,143,33.8,14.2,31,70,178,23,132,32.7,14.1,9.0
18,17,3.9,13.8,39,78,180,10,27,3.7,13.6,8.2
79,65,14.4,13.3,30,74,175,74,62,16.2,13.7,8.6
1,125,27.5,13.2,30,66,186,0,122,25.8,13.2,8.1
39,139,30.8,13.3,21,69,175,42,141,30.8,13.1,8.5
23,143,31.9,13.4,51,60,186,29,139,32.3,13.3,8.6
11,148,34.0,13.8,54,73,186,20,159,34.3,14.0,9.1
32,26,5.9,13.6,25,81,171,35,15,5.9,13.5,8.9
61,34,7.7,13.6,60,82,183,60,37,7.7,14.1,9.2
70,128,29.0,13.6,44,66,189,71,136,27.9,14.1,9.0
53,89,18.1,12.2,44,60,170,51,97,17.9,12.5,8.1
47,36,7.6,12.6,21,82,181,55,32,6.8,12.7,8.4
3,107,25.5,14.3,53,82,178,0,118,25.9,14.5,9.0
83,74,15.4,12.5,27,73,186,85,85,14.7,12.8,8.5
45,75,16.2,13.0,25,78,169,45,90,15.8,13.2,8.2
53,43,8.9,12.4,62,59,188,54,36,8.2,12.7,8.4
68,76,17.1,13.5,63,58,184,63,86,16.4,13.0,8.8
14,137,29.5,12.9,31,75,172,20,141,30.7,12.5,8.6
19,103,24.2,14.1,35,79,173,28,108,26.0,14.2,8.7
56,49,11.7,14.3,54,58,176,52,63,12.5,14.0,9.3
11,141,30.3,12.9,46,68,168,14,127,29.3,13.5,8.3
44,140,31.7,13.6,63,77,168,43,147,31.2,14.1,9.2
62,32,6.9,13.0,36,78,173,53,33,7.4,13.4,8.4
54,107,22.6,12.7,58,70,169,62,99,24.4,12.2,8.4
79,18,4.1,13.8,33,69,170,81,15,5.7,14.0,8.7
53,131,29.3,13.4,45,75,174,49,133,30.7,12.7,8.7
55,60,14.0,14.0,32,65,176,62,49,12.0,14.3,8.5
46,68,16.7,14.7,37,61,177,42,57,14.7,14.0,9.3
39,128,28.8,13.5,30,74,176,33,116,27.1,13.5,8.7
75,81,19.3,14.3,32,64,171,74,69,20.4,15.0,9.2
26,53,12.6,14.3,24,60,172,33,41,11.5,14.8,8.8
41,133,30.8,13.9,49,59,182,42,127,30.2,14.4,9.2
49,74,15.8,12.8,58,68,169,48,81,15.2,12.9,8.7
40,105,24.9,14.2,47,72,182,42,107,25.4,13.9,8.8
32,78,17.8,13.7,61,62,188,36,63,18.1,14.1,8.4
13,42,9.4,13.4,23,81,182,20,48,9.7,13.8,9.2
66,72,16.8,14.0,62,60,169,57,82,17.6,14.6,9.4
7,49,11.3,13.8,36,79,173,14,44,10.5,13.5,9.3
76,21,5.1,14.7,24,75,172,75,15,6.8,15.3,9.3
73,40,9.5,14.3,47,72,186,73,44,11.0,14.0,9.3
69,119,29.0,14.6,54,63,174,72,126,29.7,15.1,9.4
67,90,21.0,14.0,48,70,174,75,98,20.2,13.9,8.7
77,51,11.7,13.8,61,67,176,82,57,12.7,14.3,8.9
78,94,21.9,14.0,40,70,186,84,90,23.0,13.4,9.0
6,38,9.2,14.5,56,58,190,0,44,9.7,15.0,9.5
78,108,25.4,14.1,22,61,186,68,104,23.9,14.6,9.5
46,37,8.1,13.2,24,58,175,51,43,8.4,12.6,8.5
43,110,26.2,14.3,26,59,174,48,124,27.8,14.7,8.8
3,91,20.8,13.7,32,82,181,9,80,20.6,13.7,9.7
56,97,21.7,13.4,54,78,169,50,85,20.3,13.7,8.5
11,117,25.5,13.1,32,68,183,14,114,24.1,12.6,8.9
19,55,12.7,13.8,52,80,171,10,69,14.4,14.4,8.6
16,81,19.8,14.7,21,60,177,11,78,18.6,15.3,9.4
14,132,30.1,13.7,49,74,169,24,143,28.8,13.5,9.3
0,67,16.1,14.4,21,79,189,4,54,15.1,14.1,9.5
70,134,32.2,14.4,62,61,185,75,123,32.3,14.8,9.6
16,139,30.3,13.1,57,60,183,9,132,32.2,13.3,9.0
66,61,13.6,13.4,47,67,178,70,55,15.2,13.3,9.5
18,112,25.6,13.7,60,74,177,22,115,23.9,13.7,9.4
76,95,21.4,13.5,49,69,179,81,90,21.4,14.0,9.4
63,102,23.5,13.8,24,62,173,71,100,22.3,14.2,8.8
33,62,13.8,13.4,25,80,168,30,56,13.6,13.3,9.1
21,28,5.9,12.7,59,72,174,23,15,5.4,12.2,8.7
48,17,4.1,14.4,27,71,185,40,25,3.8,14.9,9.8
23,67,15.2,13.6,25,81,180,30,71,14.3,13.5,8.9
44,117,27.3,14.0,25,61,187,44,124,26.6,13.7,9.5
53,26,6.4,14.7,34,62,185,57,37,6.6,15.2,9.8
34,126,30.7,14.6,57,70,190,39,133,30.0,13.9,9.7
33,139,33.6,14.5,53,65,181,35,125,34.6,13.9,9.8
46,116,28.0,14.5,33,73,181,45,114,28.5,14.1,9.7
40,116,24.9,12.9,37,60,180,30,112,23.1,12.5,9.0
39,120,27.6,13.8,24,75,182,34,133,28.5,13.3,9.9
50,67,15.6,14.0,28,64,172,46,64,14.1,13.5,9.6
25,132,30.1,13.7,54,82,171,33,133,30.2,14.2,9.5
34,148,33.5,13.6,47,66,169,31,155,32.0,13.5,9.6
60,60,13.5,13.5,43,75,190,51,45,15.2,13.2,9.8
37,114,27.2,14.3,45,58,180,46,108,26.3,14.8,9.2
75,79,18.4,14.0,27,60,185,69,64,18.5,13.8,9.6
62,123,29.1,14.2,28,60,186,63,133,28.7,13.7,9.2
30,63,15.2,14.5,38,80,173,33,56,15.7,14.7,9.7
2,131,30.6,14.0,50,62,183,0,130,32.4,14.7,9.5
31,26,5.9,13.7,50,81,181,33,34,7.4,13.3,9.3
37,49,11.3,13.8,54,69,176,42,41,12.4,13.5,10.0
52,22,5.1,13.9,58,73,170,44,36,4.2,13.8,10
78,112,28.0,15.0,24,65,173,71,119,28.0,15.2,9.7
48,106,26.0,14.7,37,82,184,54,95,26.6,14.6,10
36,62,14.7,14.2,49,69,173,32,58,15.1,14.8,9.0
36,66,15.3,13.9,61,82,190,36,65,16.9,13.3,9.7
31,76,17.6,13.9,57,60,188,31,71,17.1,14.1,9.4
74,74,17.1,13.9,34,75,174,68,69,17.7,13.4,9.2
27,23,5.6,14.5,27,70,177,33,32,3.7,14.9,9.7
56,50,11.1,13.3,36,66,190,63,60,11.7,12.9,9.2
52,90,21.1,14.1,57,67,189,48,101,21.5,14.5,9.5
38,142,32.4,13.7,42,64,188,45,148,32.1,13.2,9.7
80,85,21.2,15.0,60,71,187,71,96,21.9,14.5,10
70,95,21.4,13.5,33,78,188,80,92,19.7,13.2,9.3
75,134,29.5,13.2,34,78,186,68,136,30.6,13.6,9.3
17,82,20.0,14.6,55,71,172,18,72,21.0,14.2,9.7
81,133,30.4,13.7,52,59,169,85,135,29.8,14.1,10
12,98,24.0,14.7,32,72,183,12,112,22.1,15.3,10
25,109,25.3,13.9,32,66,170,22,104,23.4,13.5,9.3
18,75,17.8,14.2,63,63,181,12,83,19.7,14.2,10.0
5,117,26.3,13.5,42,59,183,5,104,26.5,13.7,9.4
5,130,30.3,14.0,53,59,179,2,125,31.2,13.5,10
33,57,13.0,13.7,30,67,174,30,69,12.3,13.7,9.4
1,66,15.8,14.4,25,59,170,7,62,17.7,14.3,10
23,125,30.0,14.4,53,81,171,20,135,28.5,13.9,9.6
39,55,13.0,14.2,50,81,177,36,60,11.0,13.9,9.9
4,39,9.0,13.8,51,82,186,0,49,9.3,13.9,9.5
15,149,34.3,13.8,28,66,179,11,151,33.4,13.4,10
25,19,4.7,14.8,34,64,171,20,33,5.2,14.8,10
10,149,34.3,13.8,26,72,184,4,152,33.8,13.2,10
2,55,12.7,13.8,33,74,177,4,62,12.7,13.9,10
55,80,18.5,13.9,31,81,178,59,72,17.4,13.5,9.6
60,26,6.1,14.0,61,81,180,62,16,4.2,13.5,9.6
5,111,27.8,15.0,30,63,170,13,124,28.4,15.0,9.7